Rk,Player,Pos,Age,Tm,G,GS,MP,FG,FGA,FG%,3P,3PA,3P%,2P,2PA,2P%,eFG%,FT,FTA,FT%,ORB,DRB,TRB,AST,STL,BLK,TOV,PF,PTS
1,Precious Achiuwa,C,23,TOR,12,0,20.4,3,7.7,0.391,0.4,2.3,0.179,2.6,5.3,0.484,0.418,2.3,2.8,0.848,2,5,7,1.3,0.2,0.6,1.3,1.6,8.8
2,Steven Adams,C,29,MEM,14,14,26.1,2.9,4.8,0.612,0,0,,2.9,4.8,0.612,0.612,0.6,2.2,0.29,5,5.9,10.9,2.6,0.7,1.1,2.3,2.9,6.5
3,Bam Adebayo,C,25,MIA,14,14,35,7.4,14,0.531,0,0.4,0,7.4,13.6,0.545,0.531,4.2,4.9,0.855,2.4,6.7,9.1,3.4,1.2,0.8,3.6,3.4,19.1
4,Ochai Agbaji,SG,22,UTA,6,0,11.2,1.3,3.2,0.421,0,1,0,1.3,2.2,0.615,0.421,0.7,1.2,0.571,0.7,1,1.7,0.2,0,0,0,1,3.3
5,Santi Aldama,PF,22,MEM,15,14,27.5,3.7,8,0.467,1.2,3.6,0.333,2.5,4.4,0.576,0.542,1,1.6,0.625,1.8,4.5,6.3,0.9,0.9,1.1,0.7,2.8,9.7
6,Nickeil Alexander-Walker,SG,24,UTA,9,0,7.8,1,3,0.333,0.4,1.4,0.308,0.6,1.6,0.357,0.407,0.4,0.6,0.8,0,0.7,0.7,1.1,0.6,0.3,0.6,1.2,2.9
7,Grayson Allen,SG,27,MIL,12,11,25.4,2.9,7.1,0.412,1.9,4.5,0.426,1,2.6,0.387,0.547,2.3,2.5,0.933,0.8,1.9,2.7,2.5,0.8,0.3,1.6,1.6,10.1
8,Jarrett Allen,C,24,CLE,12,12,32.5,5.8,10.3,0.556,0,0.2,0,5.8,10.2,0.566,0.556,2.5,3.3,0.769,3.5,8,11.5,1.2,0.4,1.3,1.4,2.3,14
9,Jose Alvarado,PG,24,NOP,14,2,19,3.1,6.6,0.467,1.4,3.5,0.408,1.6,3.1,0.535,0.576,0.4,0.6,0.667,0.4,1.7,2.1,3,0.9,0.2,1.3,2.1,8
10,Kyle Anderson,PF,29,MIN,10,2,19.3,2.2,4,0.55,0.6,1.3,0.462,1.6,2.7,0.593,0.625,1.1,1.3,0.846,0.4,2.5,2.9,2.9,0.8,0.5,0.8,1.2,6.1
11,Giannis Antetokounmpo,PF,28,MIL,10,10,32.6,11.1,21.1,0.526,0.8,3.3,0.242,10.3,17.8,0.579,0.545,8.3,12.9,0.643,1.8,10,11.8,5.2,1.1,1.3,3.8,3.2,31.3
12,Thanasis Antetokounmpo,SF,30,MIL,7,0,2.7,0,0.1,0,0,0,,0,0.1,0,0,0,0,,0.1,0.6,0.7,0.1,0,0.1,0.1,0.3,0
13,Cole Anthony,PG,22,ORL,4,3,30.5,5.5,13.3,0.415,1.8,5,0.35,3.8,8.3,0.455,0.481,2.8,3.8,0.733,0.8,4,4.8,4.3,0.8,0.8,2,3.5,15.5
14,OG Anunoby,SF,25,TOR,15,15,35.5,6.4,13.9,0.459,1.8,5,0.36,4.6,8.9,0.515,0.524,2.7,3.3,0.82,1.4,4.7,6.1,1.9,2.7,1,2.3,3.3,17.3
15,Ryan Arcidiacono,PG,28,NYK,3,0,2,0,0.3,0,0,0.3,0,0,0,,0,0,0,,0,0.7,0.7,0.3,0.3,0,0,0.3,0
16,Deni Avdija,SF,22,WAS,14,11,22.5,2.4,6.3,0.386,0.8,2.6,0.306,1.6,3.7,0.442,0.449,1.2,1.6,0.773,0.6,3.7,4.4,1.9,0.6,0.6,1.2,2.9,6.9
17,Deandre Ayton,C,24,PHO,11,11,27.3,6.5,11.4,0.576,0.3,0.7,0.375,6.3,10.6,0.59,0.588,1.3,1.7,0.737,2.7,5,7.7,1.5,0.6,0.5,2.2,3.4,14.6
18,Udoka Azubuike,C,23,UTA,5,0,4,1,1.2,0.833,0,0,,1,1.2,0.833,0.833,0,0,,0.4,1.4,1.8,0.2,0.4,0.4,0.4,0.2,2
19,Marvin Bagley III,PF,23,DET,2,1,23,4,8,0.5,0.5,1.5,0.333,3.5,6.5,0.538,0.531,1.5,1.5,1,2.5,2,4.5,0.5,0.5,1,1,1.5,10
20,Patrick Baldwin Jr.,SF,20,GSW,2,0,2.5,0,0.5,0,0,0.5,0,0,0,,0,0,0,,0,0,0,0,0,0,0,0,0
21,LaMelo Ball,PG,21,CHO,2,2,31,6,18,0.333,2.5,12,0.208,3.5,6,0.583,0.403,1.5,1.5,1,0,5,5,7.5,0.5,0.5,3.5,3.5,16
22,Mo Bamba,C,24,ORL,13,0,15.2,2.7,5.3,0.507,0.7,2.2,0.31,2,3.1,0.65,0.572,0.8,1.2,0.625,1.2,3,4.2,1,0.2,0.7,0.8,1.9,6.8
23,Paolo Banchero,PF,20,ORL,11,11,34.6,8.1,17.5,0.461,1,3.9,0.256,7.1,13.6,0.52,0.49,6.4,8.3,0.769,0.8,7.5,8.3,3.6,0.7,0.9,3,2.4,23.5
24,Desmond Bane,SG,24,MEM,12,12,33.6,8.3,17.8,0.465,3.8,8.5,0.451,4.4,9.3,0.477,0.573,4.3,4.8,0.912,0.5,4.4,4.9,4.8,0.6,0.3,2.3,2.4,24.7
25,Dalano Banton,PG,23,TOR,14,1,10.5,2.4,5.1,0.458,0.8,2.2,0.355,1.6,2.9,0.537,0.535,1,1.1,0.875,0.4,0.9,1.4,1.1,0.6,0.7,0.7,1,6.5
26,Dominick Barlow,SF,19,SAS,1,0,10,1,3,0.333,0,2,0,1,1,1,0.333,0,0,,0,1,1,3,0,0,0,2,2
27,Harrison Barnes,PF,30,SAC,13,13,31,3.5,8.2,0.43,0.8,3.4,0.25,2.7,4.8,0.556,0.481,3.4,4.1,0.83,1.2,4.2,5.3,2.2,0.8,0.2,1,1.5,11.3
28,Scottie Barnes,PF,21,TOR,14,14,32.1,5.4,12.6,0.432,1.2,3.7,0.327,4.2,8.9,0.476,0.48,1.3,1.8,0.72,1.8,4.7,6.5,4.9,0.9,0.7,2.1,1.6,13.4
29,RJ Barrett,SG,22,NYK,14,14,34.2,6.7,16.1,0.416,1.6,5.5,0.286,5.1,10.6,0.483,0.465,3.9,5.2,0.74,0.9,4.3,5.2,2.9,0.5,0.1,2.1,2.1,18.9
30,Will Barton,SG,32,WAS,14,0,23.9,3.4,8.7,0.385,1.4,4,0.339,2,4.7,0.424,0.463,1,1.1,0.933,0.4,3.1,3.5,2.5,0.6,0.3,1.3,1.2,9.1
31,Charles Bassey,C,22,SAS,6,0,17,2.7,4.2,0.64,0.3,0.8,0.4,2.3,3.3,0.7,0.68,0.8,1,0.833,2.7,4.7,7.3,1.8,0.5,1.8,1.7,3.2,6.5
32,Keita Bates-Diop,SF,27,SAS,14,3,14.5,2.9,5.6,0.513,0.4,1.4,0.316,2.4,4.2,0.576,0.551,1.1,1.4,0.842,1.4,1.4,2.8,0.6,0.6,0,1,0.5,7.3
33,Nicolas Batum,PF,34,LAC,15,1,18.3,1.7,3.7,0.464,1.2,2.8,0.429,0.5,0.9,0.571,0.625,0.5,0.9,0.615,0.8,3.3,4.1,1.3,0.5,0.9,0.9,2.5,5.2
34,Darius Bazley,PF,22,OKC,11,0,16.7,2.5,5.8,0.422,0.6,1.6,0.389,1.8,4.2,0.435,0.477,0.5,1,0.455,1.6,3.1,4.7,1.5,0.8,1.3,0.5,1.5,6
35,Bradley Beal,SG,29,WAS,9,9,35.1,8.2,15.9,0.517,1.4,4.4,0.325,6.8,11.4,0.592,0.563,3.7,4,0.917,0.7,2.9,3.6,5.7,0.9,0.8,2.7,2,21.6
36,Malik Beasley,SG,26,UTA,16,2,25.4,4.4,10.3,0.427,2.8,6.8,0.417,1.6,3.5,0.446,0.564,0.8,0.8,0.923,0.7,2.8,3.5,1.1,0.9,0.2,0.8,1.1,12.3
37,MarJon Beauchamp,SF,22,MIL,10,4,18.1,2.8,6.5,0.431,1.2,3.7,0.324,1.6,2.8,0.571,0.523,0.7,1,0.7,1,2.7,3.7,0.4,0.6,0.2,1.2,2.1,7.5
38,Patrick Beverley,PG,34,LAL,11,11,28.1,1.4,4.9,0.278,0.7,3.1,0.235,0.6,1.8,0.35,0.352,1.2,1.4,0.867,0.8,2.9,3.7,3,1.1,0.5,0.9,3.2,4.6
39,Saddiq Bey,SF,23,DET,15,14,31.6,4.8,11.5,0.416,1.7,5.5,0.301,3.1,6,0.522,0.488,4.4,4.8,0.917,1.1,3.5,4.7,1.5,0.9,0.2,1.4,1.7,15.7
40,Khem Birch,C,30,TOR,5,0,7.6,0.8,1.2,0.667,0.2,0.2,1,0.6,1,0.6,0.75,0.4,0.4,1,0.6,0.4,1,0.4,0.6,0.2,0.4,2,2.2
41,Goga Bitadze,C,23,IND,8,0,13.1,1.8,3.4,0.519,0.1,0.9,0.143,1.6,2.5,0.65,0.537,0.9,1.8,0.5,1.6,1.8,3.4,1.5,0.5,0.5,0.8,2.3,4.5
42,Bismack Biyombo,C,30,PHO,11,2,11.8,1.4,2.5,0.556,0,0,,1.4,2.5,0.556,0.556,0.5,0.8,0.667,0.7,2.5,3.3,0.5,0.2,1.7,0.6,1.8,3.3
43,Buddy Boeheim,PG,23,DET,1,0,1,0,0,,0,0,,0,0,,,0,0,,0,0,0,0,0,0,0,0,0
44,Bojan Bogdanović,PF,33,DET,15,15,31.2,6.5,13.1,0.5,2.8,6.7,0.416,3.7,6.3,0.589,0.607,4.3,4.9,0.877,0.4,3.1,3.5,2.1,0.4,0,2.1,2,20.1
45,Bol Bol,PF,23,ORL,14,9,24,4.6,7.2,0.634,0.9,1.8,0.48,3.7,5.4,0.684,0.693,1.6,1.9,0.852,1.4,6.1,7.6,0.6,0.1,1.9,2.1,1.6,11.6
46,Leandro Bolmaro,SG,22,UTA,3,0,7,0.7,2.3,0.286,0,0.7,0,0.7,1.7,0.4,0.286,0,0,,0.3,0,0.3,0.7,0.7,0.3,0.7,1.3,1.3
47,Devin Booker,SG,26,PHO,13,13,36.8,9.5,20,0.477,2.3,6.2,0.375,7.2,13.8,0.522,0.535,5.2,6,0.859,1,3.8,4.8,5.5,1.2,0.5,2.7,2.5,26.5
48,Brandon Boston Jr.,SG,21,LAC,5,0,3.2,1,2,0.5,0.4,0.6,0.667,0.6,1.4,0.429,0.6,0.2,0.4,0.5,0.2,0.2,0.4,0,0,0,0,0.2,2.6
49,Chris Boucher,PF,30,TOR,12,0,22.3,4.3,8.5,0.51,1.2,3.3,0.35,3.2,5.2,0.613,0.578,2.3,3.1,0.73,2.2,3.3,5.4,0.7,0.9,1,1.1,3,12.1
50,James Bouknight,SG,22,CHO,15,0,18,2.2,6.5,0.337,0.8,3.5,0.231,1.4,3.1,0.457,0.398,0.7,1.1,0.625,0.3,2,2.3,1.4,0.4,0.3,1,1.6,5.9
51,Tony Bradley,C,25,CHI,4,0,2.5,0,0.3,0,0,0.3,0,0,0,,0,0.5,0.5,1,0.3,1,1.3,0,0,0,0,0,0.5
52,Malaki Branham,SF,19,SAS,4,2,19.5,2,7,0.286,0.8,3.8,0.2,1.3,3.3,0.385,0.339,1.3,1.5,0.833,0.5,1.8,2.3,2,0.3,0,0.8,0.8,6
53,Christian Braun,SG,21,DEN,12,0,15.7,1.6,3.3,0.475,0.5,1.3,0.375,1.1,2,0.542,0.55,0.3,0.5,0.667,0.6,1.6,2.2,1.2,0.5,0.2,0.4,0.9,4
54,Mikal Bridges,SF,26,PHO,13,13,36.8,6,10.9,0.549,1.2,2.8,0.432,4.8,8.1,0.59,0.606,2.4,2.7,0.886,1.2,3.9,5.2,3.1,1,1,1.2,2,15.6
55,Oshae Brissett,SF,24,IND,7,0,9.4,0.7,2.4,0.294,0.1,1.4,0.1,0.6,1,0.571,0.324,0.4,0.6,0.75,0.6,1,1.6,0.3,0.1,0,0.6,0.3,2
56,Malcolm Brogdon,PG,30,BOS,11,0,23,4.8,10.1,0.477,1.3,3.5,0.368,3.5,6.6,0.534,0.541,2.8,3.3,0.861,0.9,2.9,3.8,3.5,0.5,0.2,2,1.3,13.7
57,Dillon Brooks,SG,27,MEM,12,12,29.8,6,15.1,0.398,2.2,5.9,0.366,3.8,9.2,0.418,0.47,1.7,2.3,0.741,0.4,3,3.4,2,0.7,0.2,1.4,3.3,15.8
58,Bruce Brown,PG,26,DEN,13,3,27.7,3.9,8.7,0.451,1.2,3.2,0.39,2.7,5.5,0.486,0.522,0.9,1.2,0.8,1.2,2.7,3.9,4.2,0.8,0.5,1.5,1.8,10
59,Greg Brown III,PF,21,POR,4,0,5.5,1.3,1.8,0.714,0,0,,1.3,1.8,0.714,0.714,0,1.3,0,0,0.3,0.3,0,0.8,0.5,0.5,0.8,2.5
60,Jaylen Brown,SF,26,BOS,13,13,36.8,9.5,19.6,0.482,2.3,6.8,0.337,7.2,12.8,0.56,0.541,4.2,5,0.831,0.9,5.8,6.8,3.5,0.9,0.5,3.1,2.9,25.4
61,Moses Brown,C,23,LAC,8,0,4,1.3,1.6,0.769,0,0,,1.3,1.6,0.769,0.769,0.5,0.9,0.571,0.6,1,1.6,0,0,0.5,0,0.5,3
62,Troy Brown Jr.,SF,23,LAL,11,9,27.5,3.7,8.4,0.446,1.3,3.9,0.326,2.5,4.5,0.551,0.522,0.7,0.7,1,0.9,4.2,5.1,0.8,0.8,0,0.9,2,9.5
63,Jalen Brunson,PG,26,NYK,14,14,32.9,7.4,14.9,0.493,1.1,3.9,0.291,6.2,11,0.565,0.531,4.1,4.6,0.877,0.4,3.1,3.5,6.9,1.3,0.1,1.8,2.6,19.9
64,Reggie Bullock,SF,31,DAL,13,13,28.8,1.8,5.5,0.319,1.5,4.5,0.322,0.3,1,0.308,0.451,0.3,0.5,0.571,0.5,2.5,2.9,1,1.1,0.2,0.5,2.9,5.3
65,Alec Burks,SG,31,DET,2,0,21,5,9.5,0.526,1.5,4,0.375,3.5,5.5,0.636,0.605,4.5,6.5,0.692,0,2,2,1.5,0.5,0,0.5,3,16
66,Jimmy Butler,SF,33,MIA,12,12,35.5,6.8,14,0.482,0.9,2.4,0.379,5.8,11.6,0.504,0.515,7.2,8,0.896,2.2,4.9,7.1,6.2,1.8,0.3,1.4,1.6,21.6
67,John Butler,C,20,POR,1,0,9,1,2,0.5,0,1,0,1,1,1,0.5,0,0,,0,1,1,0,0,1,0,0,2
68,Jamal Cain,SF,23,MIA,1,0,2,1,1,1,1,1,1,0,0,,1.5,0,0,,0,0,0,0,1,0,0,0,3
69,Kentavious Caldwell-Pope,SG,29,DEN,12,12,31,4.2,8.3,0.5,2.5,4.6,0.545,1.7,3.8,0.444,0.65,1,1.3,0.75,0.3,3.3,3.6,2.7,1.5,0.3,1.3,2,11.8
70,Facundo Campazzo,PG,31,DAL,3,0,5.3,0.3,1.3,0.25,0.3,1,0.333,0,0.3,0,0.375,0,0,,0,0,0,1,1,0,0,0.3,1
71,Vlatko Čančar,PF,25,DEN,6,0,2.7,0.3,0.7,0.5,0.3,0.5,0.667,0,0.2,0,0.75,0,0,,0,0.3,0.3,0,0,0,0.2,0.2,1
72,Clint Capela,C,28,ATL,14,14,27.4,5.1,8.5,0.605,0,0,,5.1,8.5,0.605,0.605,1.1,2,0.536,4.4,7.4,11.9,0.7,0.6,1.5,1.1,1.9,11.4
73,Vernon Carey Jr.,C,21,WAS,2,0,1,0,0,,0,0,,0,0,,,0,0,,0,0,0,0,0,0,0,0.5,0
74,Jevon Carter,PG,27,MIL,13,13,27.2,3.5,8.2,0.421,1.7,4.2,0.4,1.8,4,0.442,0.523,0.8,0.9,0.833,0.8,1.7,2.5,3.3,1.6,0.7,1.5,3.1,9.4
75,Wendell Carter Jr.,C,23,ORL,14,14,32.8,5.6,10.9,0.51,1.2,3.3,0.37,4.4,7.6,0.57,0.565,3.9,4.8,0.821,2.3,6.9,9.1,3.1,0.6,0.6,2.4,3.1,16.3
76,Alex Caruso,PG,28,CHI,14,5,25.2,1.3,4,0.321,0.7,2.4,0.303,0.6,1.6,0.348,0.411,1.1,1.4,0.75,0.6,2.7,3.3,3.8,1.6,1,1.9,2,4.4
77,Justin Champagnie,SF,21,TOR,2,0,4.5,1.5,1.5,1,0,0,,1.5,1.5,1,1,0,0,,0.5,1,1.5,0,0,0,0,0.5,3
78,Kennedy Chandler,PG,20,MEM,6,0,9.7,1,3.2,0.316,0.2,1,0.167,0.8,2.2,0.385,0.342,0.2,0.7,0.25,0.2,0.8,1,2,0.3,0.3,1,0.5,2.3
79,Max Christie,SG,19,LAL,8,0,11.5,1,2.1,0.471,0.8,1.4,0.545,0.3,0.8,0.333,0.647,0.4,0.5,0.75,0.1,2.5,2.6,0.5,0.4,0,0.3,0.5,3.1
80,Josh Christopher,SG,21,HOU,10,0,8.5,1.4,3.7,0.378,0.3,1.4,0.214,1.1,2.3,0.478,0.419,0.1,0.2,0.5,0.4,1.1,1.5,0.7,0.3,0,0.8,1,3.2
81,Brandon Clarke,PF,26,MEM,15,1,19.1,4,6.5,0.619,0.1,0.4,0.167,3.9,6.1,0.648,0.624,1.9,2.6,0.744,1.1,3.3,4.5,1.5,0.3,1,1.3,2.5,10
82,Jordan Clarkson,SG,30,UTA,16,16,30.6,6.5,15.4,0.421,3.1,8,0.383,3.4,7.4,0.462,0.52,1.9,2.3,0.811,1.4,2.7,4.1,4.8,0.3,0.5,2.5,1.9,17.9
83,Nic Claxton,C,23,BRK,15,15,26.8,5.3,7.3,0.718,0,0.1,0,5.3,7.3,0.725,0.718,1,2.7,0.375,2.7,5.8,8.5,1.2,0.7,1.9,1.5,2.7,11.5
84,Amir Coffey,SG,25,LAC,13,0,9,0.5,1.5,0.316,0.1,0.3,0.25,0.4,1.2,0.333,0.342,1.2,1.4,0.833,0.2,0.5,0.7,0.6,0.2,0.1,0.3,0.9,2.2
85,John Collins,PF,25,ATL,14,14,31.6,4.9,9.9,0.493,0.7,2.9,0.244,4.1,6.9,0.598,0.529,2.2,2.4,0.939,1.6,6.4,8,1,0.7,1.3,1.4,3.3,12.6
86,Zach Collins,PF,25,SAS,9,0,17.7,3.4,6.6,0.525,0.8,2,0.389,2.7,4.6,0.585,0.585,0.7,1,0.667,1.3,3.3,4.7,2.8,0.7,1.2,1.9,3,8.3
87,Mike Conley,PG,35,UTA,15,15,30.5,3.6,9.2,0.391,1.9,5.2,0.359,1.7,4,0.433,0.493,1.7,2.1,0.781,0.4,2,2.4,8.1,1.2,0.3,1.5,1.9,10.7
88,Robert Covington,PF,32,LAC,9,0,13.8,1.2,3,0.407,0.8,2.1,0.368,0.4,0.9,0.5,0.537,0.8,0.9,0.875,0.2,3,3.2,1,0.3,0.7,0.8,2.2,4
89,Torrey Craig,SF,32,PHO,13,5,20.2,2.3,5,0.462,1.1,2.8,0.389,1.2,2.2,0.552,0.569,0.4,0.6,0.625,1.8,2.4,4.2,1.4,0.5,0.5,0.7,2.1,6.1
90,Jarrett Culver,SG,23,ATL,2,0,1.5,0,0.5,0,0,0,,0,0.5,0,0,0.5,1,0.5,0.5,0,0.5,0,0,0,0,0,0.5
91,Cade Cunningham,PG,21,DET,12,12,33.3,7.8,18.7,0.415,1.4,5.1,0.279,6.3,13.6,0.466,0.453,3,3.6,0.837,1,5.2,6.2,6,0.8,0.6,3.3,2.8,19.9
92,Seth Curry,SG,32,BRK,6,0,20,3.3,7.7,0.435,2,4.8,0.414,1.3,2.8,0.471,0.565,1,1.2,0.857,0.2,1.7,1.8,2.3,0.5,0.2,0.5,1.8,9.7
93,Stephen Curry,PG,34,GSW,13,13,34.5,10.5,20.2,0.523,5,11.5,0.433,5.5,8.6,0.643,0.647,5.4,5.8,0.921,0.7,5.9,6.6,6.4,1.1,0.1,2.5,2,31.5
94,Dyson Daniels,PG,19,NOP,6,0,10.7,1.3,2.8,0.471,0.7,1.3,0.5,0.7,1.5,0.444,0.588,0.7,1,0.667,0.7,2.7,3.3,1.2,0.7,0.5,0.5,0.8,4
95,Anthony Davis,C,29,LAL,12,12,34.5,9.7,17.8,0.542,0.3,1.3,0.25,9.3,16.5,0.566,0.551,4.6,5.8,0.786,3.6,7.6,11.2,2.5,1.3,1.8,1.6,3.1,24.3
96,Johnny Davis,SG,20,WAS,5,0,6,0.4,1.4,0.286,0,0.2,0,0.4,1.2,0.333,0.286,0.4,0.4,1,0.2,0.6,0.8,0.4,0,0,0.2,1.6,1.2
97,Terence Davis,SG,25,SAC,12,0,13.8,2.9,5.8,0.507,1.6,3.8,0.413,1.3,1.9,0.696,0.645,1,1.2,0.857,0.4,2.6,3,1.5,0.8,0.3,0.4,1.8,8.4
98,JD Davison,PG,20,BOS,1,0,2,0,0,,0,0,,0,0,,,0,0,,0,1,1,1,0,0,0,0,0
99,Dewayne Dedmon,C,33,MIA,12,0,12.1,2.3,4.1,0.571,0.6,1.3,0.438,1.8,2.8,0.636,0.643,1.1,1.3,0.813,1,2.4,3.4,0.7,0.1,0.4,0.5,2,6.3
100,Matthew Dellavedova,PG,32,SAC,4,0,9,0.8,2.3,0.333,0.5,0.8,0.667,0.3,1.5,0.167,0.444,0,0,,0.3,0.3,0.5,2,0.5,0,0.8,1.3,2
101,DeMar DeRozan,SF,33,CHI,14,14,33.8,8.1,16,0.509,0.3,1.4,0.2,7.9,14.6,0.539,0.518,7.3,8.2,0.887,0.4,3.6,3.9,4.2,1.1,0.4,2.3,2.6,23.9
102,Moussa Diabaté,PF,21,LAC,2,0,3,0.5,0.5,1,0,0,,0.5,0.5,1,1,0.5,0.5,1,0,1,1,0.5,0.5,0,0,0,1.5
103,Mamadi Diakite,PF,26,CLE,3,0,2.7,0.3,1,0.333,0,0.7,0,0.3,0.3,1,0.333,0,0,,0,0.7,0.7,0,0.3,0,0,0.7,0.7
104,Hamidou Diallo,SG,24,DET,15,0,14,2.1,5.1,0.403,0.1,0.5,0.125,2,4.6,0.435,0.409,1.6,2.3,0.686,1.1,1.7,2.9,0.7,0.5,0.1,0.7,2.1,5.8
105,Gorgui Dieng,C,33,SAS,7,0,9.1,1.3,3,0.429,0.9,2.4,0.353,0.4,0.6,0.75,0.571,0.4,0.6,0.75,0.9,1.3,2.1,1.7,0.1,0.6,1,1.3,3.9
106,Ousmane Dieng,SF,19,OKC,9,0,15,1.3,4,0.333,0.6,2.4,0.227,0.8,1.6,0.5,0.403,0.1,0.2,0.5,0.3,1.9,2.2,1.7,0.1,0.2,0.3,0.6,3.3
107,Spencer Dinwiddie,PG,29,DAL,13,13,33.7,6.7,13.8,0.483,3.2,7.2,0.441,3.5,6.7,0.529,0.597,1.8,2.2,0.793,0.3,3.2,3.5,4.8,1.2,0.2,1.8,2.5,18.3
108,Donte DiVincenzo,SG,26,GSW,6,0,15,1.3,3,0.444,0.7,2,0.333,0.7,1,0.667,0.556,0.8,1,0.833,0,1.3,1.3,1.7,0.3,0,1.8,1.8,4.2
109,Luka Dončić,PG,23,DAL,13,13,37.2,11.6,23.4,0.497,2.3,7.9,0.291,9.3,15.5,0.602,0.546,8.8,11.5,0.767,1.1,7.8,8.8,7.8,2.1,0.6,3.2,3.2,34.4
110,Tyler Dorsey,SG,26,DAL,1,0,4,4,4,1,1,1,1,3,3,1,1.125,0,0,,1,1,2,0,0,0,0,0,9
111,Luguentz Dort,SG,23,OKC,14,14,30.6,4.9,12.6,0.392,1.5,5.6,0.266,3.4,6.9,0.495,0.452,2.7,3.5,0.776,1.4,2.9,4.4,2.3,1.4,0.3,1.1,3.4,14.1
112,Ayo Dosunmu,PG,23,CHI,13,13,30.3,4.7,9.6,0.488,1.4,3.9,0.353,3.3,5.7,0.581,0.56,0.9,1,0.923,0.5,3.4,3.8,3.2,0.8,0.3,1.7,2.5,11.7
113,Jeff Dowtin,PG,25,TOR,3,0,7.7,1.3,2.3,0.571,0,0.3,0,1.3,2,0.667,0.571,0,0,,0.7,1,1.7,1.3,0,0.3,0.3,0.7,2.7
114,Goran Dragić,PG,36,CHI,14,0,19.3,3.8,8.3,0.457,1.6,3.4,0.468,2.2,4.9,0.449,0.552,0.9,1.2,0.765,0.6,1.3,1.9,3.6,0.3,0.2,1.4,1.4,10.1
115,Andre Drummond,C,29,CHI,8,0,16.8,3.6,6.6,0.547,0,0.3,0,3.6,6.4,0.569,0.547,1.4,1.9,0.733,3.3,6.4,9.6,0.9,0.9,0.4,1.8,2.6,8.6
116,Chris Duarte,SF,25,IND,9,5,19.7,3.1,7.9,0.394,1.4,4.2,0.342,1.7,3.7,0.455,0.486,1.2,1.3,0.917,0.4,1.7,2.1,1,0.1,0.4,0.9,1.8,8.9
117,David Duke Jr.,SG,23,BRK,9,0,10.1,1.7,3.3,0.5,0,0.4,0,1.7,2.9,0.577,0.5,0.3,0.3,1,0.4,0.7,1.1,0.7,0.4,0.1,1,1.9,3.7
118,Kevin Durant,PF,34,BRK,15,15,36.6,10.1,19.2,0.524,1.6,4.5,0.353,8.5,14.7,0.577,0.566,8.6,9.3,0.921,0.4,6.1,6.5,5.3,0.9,1.9,3.2,2.5,30.3
119,Jalen Duren,C,19,DET,12,0,21.2,2.7,4.8,0.561,0,0.1,0,2.7,4.7,0.571,0.561,0.8,2.3,0.357,2.8,4.4,7.3,0.3,0.3,1.2,1.1,2,6.2
120,Tari Eason,PF,21,HOU,14,0,18.1,3.2,7.4,0.437,0.9,2,0.429,2.4,5.4,0.44,0.495,1.1,1.4,0.789,2.1,2.6,4.8,1.1,1.6,0.5,0.8,2.3,8.4
121,Anthony Edwards,SG,21,MIN,14,14,36.1,7.9,17.4,0.457,2.4,6.9,0.34,5.6,10.4,0.534,0.525,2.7,4.1,0.667,0.5,5.1,5.6,3.7,1.1,0.2,3.1,3.1,20.9
122,Kessler Edwards,SF,22,BRK,7,0,4,0.4,1.3,0.333,0.3,0.9,0.333,0.1,0.4,0.333,0.444,0.1,0.3,0.5,0.3,0.4,0.7,0.3,0.3,0.1,0,0.1,1.3
123,Joel Embiid,C,28,PHI,10,10,35.2,10.8,20.1,0.537,0.9,3.8,0.237,9.9,16.3,0.607,0.56,9.8,11.8,0.831,1.6,8.5,10.1,4.1,0.6,1.8,4.2,3.4,32.3
124,Drew Eubanks,C,25,POR,14,3,18.6,2.4,3.4,0.702,0,0,,2.4,3.4,0.702,0.702,1,1.4,0.7,1.4,2.6,4,0.9,0.4,0.7,0.8,2.1,5.7
125,Bruno Fernando,C,24,HOU,2,2,18.5,2.5,3,0.833,0,0,,2.5,3,0.833,0.833,0.5,1,0.5,2.5,4,6.5,4.5,0.5,1,0.5,1.5,5.5
126,Dorian Finney-Smith,PF,29,DAL,13,13,32.8,3.4,7.7,0.44,1.9,5.2,0.368,1.5,2.5,0.594,0.565,0.6,0.8,0.727,1.2,2.8,3.9,0.7,1,0.5,1.2,2.2,9.3
127,Malachi Flynn,PG,24,TOR,9,0,10.6,2,4.6,0.439,1.2,2.6,0.478,0.8,2,0.389,0.573,1.1,1.2,0.909,0.1,1.1,1.2,1,0.3,0.1,0.6,1.4,6.3
128,Simone Fontecchio,SF,27,UTA,8,0,6,1.1,2.8,0.409,0.8,2,0.375,0.4,0.8,0.5,0.545,0,0,,0.5,0.8,1.3,0.3,0.1,0.1,0.5,0.6,3
129,Bryn Forbes,SG,29,MIN,8,0,10.9,1.1,3.6,0.31,0.5,1.8,0.286,0.6,1.9,0.333,0.379,0.5,0.5,1,0.4,0.3,0.6,1,0.9,0,0.4,0.6,3.3
130,Trent Forrest,PG,24,ATL,4,0,3.5,0,0.8,0,0,0,,0,0.8,0,0,0,0,,0,0.5,0.5,0.8,0,0,0,0.3,0
131,Evan Fournier,SG,30,NYK,13,7,20,2.4,6.9,0.344,1.5,4.4,0.333,0.9,2.5,0.364,0.45,0.7,0.8,0.818,0.2,1.9,2.1,1.7,0.7,0.2,1.1,2.2,6.9
132,De'Aaron Fox,PG,25,SAC,12,12,32,9.4,17.4,0.541,1.8,5.1,0.361,7.6,12.3,0.615,0.593,3.9,4.8,0.81,0.6,4.4,5,6.3,1.3,0.5,3,2.8,24.6
133,Wenyen Gabriel,PF,25,LAL,11,2,13.5,2,3.2,0.629,0.1,0.5,0.2,1.9,2.7,0.7,0.643,0.6,0.9,0.7,0.6,1.9,2.5,0.7,0.7,0.5,0.7,2.1,4.7
134,Daniel Gafford,C,24,WAS,14,0,14.7,2.3,3.1,0.727,0,0,,2.3,3.1,0.727,0.727,1.3,2.1,0.621,1.4,2.5,3.9,0.6,0.4,1.1,1.2,1.6,5.9
135,Darius Garland,PG,23,CLE,7,7,34.6,6.9,17.4,0.393,3.1,7.7,0.407,3.7,9.7,0.382,0.484,4.3,5.4,0.789,0.6,1.7,2.3,8,1.4,0.1,3.1,2.6,21.1
136,Usman Garuba,PF,20,HOU,12,1,15.3,1.5,2.7,0.563,0.3,0.4,0.8,1.2,2.3,0.519,0.625,0.5,1.1,0.462,2.3,3.2,5.4,1.2,0.9,0.7,1.2,1.8,3.8
137,Rudy Gay,SF,36,UTA,12,0,15.8,1.8,4.8,0.362,0.8,2.8,0.265,1,2,0.5,0.44,0.3,0.5,0.5,0.5,2.9,3.4,0.8,0.4,0.5,0.8,1.3,4.5
138,Paul George,SF,32,LAC,14,14,35.6,8.5,18.4,0.461,2.6,7.6,0.346,5.9,10.8,0.543,0.533,4.7,5.6,0.846,0.4,5.7,6.1,4.6,1.6,0.5,3.9,2.7,24.4
139,Taj Gibson,PF,37,WAS,6,0,4.5,0.8,1.8,0.455,0.2,0.7,0.25,0.7,1.2,0.571,0.5,0.7,0.7,1,0.3,0.7,1,0.5,0.2,0,0.2,0.5,2.5
140,Josh Giddey,SG,20,OKC,11,11,30.3,6.4,13.9,0.458,1.1,3.5,0.316,5.3,10.5,0.504,0.497,1,1.4,0.733,1.5,5.8,7.3,5.5,0.5,0.5,3.6,2.2,14.8
141,Shai Gilgeous-Alexander,SG,24,OKC,13,13,35.9,11.6,21.5,0.539,1.1,2.8,0.378,10.5,18.7,0.564,0.564,7.2,7.7,0.94,0.8,3.5,4.4,5.8,2.1,1.5,3.4,2.5,31.5
142,Anthony Gill,PF,30,WAS,13,4,13.3,1.6,2.8,0.568,0.2,0.7,0.222,1.5,2.2,0.679,0.595,0.5,0.5,1,0.8,1.1,1.8,0.7,0.2,0.1,0.2,1.6,3.8
143,Rudy Gobert,C,30,MIN,12,12,32.3,5.1,8.3,0.616,0,0.2,0,5.1,8.1,0.629,0.616,3.8,5.6,0.687,4.2,8.8,12.9,1,0.6,1.6,1.7,2.8,14
144,Jordan Goodwin,PG,24,WAS,8,0,18.9,2.8,5,0.55,1,1.9,0.533,1.8,3.1,0.56,0.65,0.4,0.5,0.75,1.3,3,4.3,3.1,0.8,0.9,0.6,1.6,6.9
145,Aaron Gordon,PF,27,DEN,13,13,29,5.5,9.6,0.576,0.8,2.7,0.314,4.7,6.9,0.678,0.62,2.5,4.1,0.623,2.2,4.6,6.8,2.5,0.5,0.8,1.2,1.5,14.5
146,Eric Gordon,SG,34,HOU,12,12,30.2,4.2,9.3,0.446,1.8,5.1,0.361,2.3,4.3,0.549,0.545,2,2.4,0.828,0.2,1.8,1.9,3.1,0.8,0.4,1.8,0.9,12.2
147,Devonte' Graham,PG,27,NOP,14,0,15.9,1.4,3.9,0.37,1.2,3.1,0.395,0.2,0.8,0.273,0.528,0.6,0.9,0.667,0.1,1.1,1.1,2.4,0.5,0.2,0.4,0.8,4.6
148,Jerami Grant,PF,28,POR,13,13,35.8,7,13.8,0.506,2.7,5.5,0.493,4.3,8.4,0.514,0.603,4.6,6.2,0.75,1,3.9,4.9,2.5,0.7,0.8,2.2,1.9,21.3
149,A.J. Green,SG,23,MIL,1,0,2,0,0,,0,0,,0,0,,,0,0,,0,0,0,1,0,0,0,0,0
150,Draymond Green,PF,32,GSW,13,13,30,3.4,6.3,0.537,0.2,1.1,0.214,3.2,5.2,0.603,0.555,0.9,1.5,0.632,0.7,5.8,6.5,6.6,0.9,0.5,2.4,3.5,7.9
151,Jalen Green,SG,20,HOU,14,14,34.4,7.9,18.1,0.433,3,8,0.375,4.9,10.1,0.479,0.516,3.3,4.1,0.793,0.6,3.6,4.1,3.1,0.8,0.3,2.7,1.5,22
152,JaMychal Green,PF,32,GSW,11,0,17,2,4.5,0.449,0.5,1.8,0.25,1.5,2.6,0.586,0.5,0.5,0.6,0.857,1.8,2.9,4.7,0.7,0.9,0.6,1,2.2,5
153,Javonte Green,SG,29,CHI,14,0,17.4,2.3,4.2,0.542,0.6,1.5,0.381,1.7,2.7,0.632,0.61,0.9,1.1,0.8,1.1,2.1,3.2,0.9,1.1,0.7,0.7,2.1,6
154,Jeff Green,PF,36,DEN,13,0,19.8,2.9,5.6,0.521,0.4,1.4,0.278,2.5,4.2,0.6,0.555,1.5,2.1,0.741,0.8,1.9,2.8,1.2,0.5,0.2,1,2,7.8
155,Josh Green,SG,22,DAL,13,0,18.5,1.9,3.2,0.61,0.8,1.8,0.478,1.1,1.4,0.778,0.744,1.1,1.8,0.583,0.8,1.3,2.2,0.8,1,0.1,0.7,1.9,5.8
156,AJ Griffin,SF,19,ATL,10,0,12.6,2.7,5.3,0.509,1.2,2.6,0.462,1.5,2.7,0.556,0.623,0.3,0.3,1,0.5,1.1,1.6,0.6,0.6,0,0.5,0.9,6.9
157,Blake Griffin,PF,33,BOS,6,2,12,1.3,3,0.444,0.5,1.3,0.375,0.8,1.7,0.5,0.528,0.8,1,0.833,1,2,3,0.8,0.3,0,0.7,1.7,4
158,Quentin Grimes,SG,22,NYK,5,1,8,0.6,1.8,0.333,0.4,1.6,0.25,0.2,0.2,1,0.444,0.4,0.4,1,0.2,0.4,0.6,0.4,0,0.2,0.4,1.2,2
159,Rui Hachimura,PF,24,WAS,14,0,23.5,4.6,9.9,0.46,0.6,2.1,0.3,3.9,7.8,0.505,0.493,1.5,2.1,0.724,0.8,4.1,4.9,0.9,0.1,0.6,1.5,1.1,11.3
160,Tyrese Haliburton,PG,22,IND,12,12,34.2,7.3,15,0.483,3,7,0.429,4.3,8,0.531,0.583,3,3.5,0.857,1.1,3.7,4.8,10.3,1.8,0.2,3,1.3,20.5
161,Jordan Hall,SF,21,SAS,4,0,10.8,1,3,0.333,0.3,1.5,0.167,0.8,1.5,0.5,0.375,0,0,,0.3,0.8,1,1.5,0.3,0,1,1,2.3
162,R.J. Hampton,PG,21,ORL,12,0,14.8,2.3,4.4,0.509,1,2,0.5,1.3,2.4,0.517,0.623,1.3,1.4,0.941,0.5,1,1.5,1.3,0.8,0.3,1,1.2,6.8
163,Tim Hardaway Jr.,SG,30,DAL,12,0,24,3.3,10.2,0.32,2.1,6.7,0.313,1.2,3.5,0.333,0.422,2.2,2.4,0.897,0.2,1.8,1.9,2.1,0.8,0.2,1.1,1.3,10.8
164,James Harden,SG,33,PHI,9,9,36.8,7,15.9,0.441,2.2,6.7,0.333,4.8,9.2,0.518,0.51,5.8,6.2,0.929,0.6,6.4,7,10,1.1,0.7,2.9,2,22
165,Jaden Hardy,SG,20,DAL,3,0,3.3,0,1.7,0,0,0.7,0,0,1,0,0,0,0,,0,0.7,0.7,0.3,0,0,0.7,0.7,0
166,Ron Harper Jr.,SF,22,TOR,1,0,3,0,1,0,0,1,0,0,0,,0,0,0,,0,0,0,0,0,0,0,0,0
167,Montrezl Harrell,C,29,PHI,12,1,10.9,1.5,2.7,0.563,0,0,,1.5,2.7,0.563,0.563,1.3,1.9,0.696,0.7,1.4,2.1,0.4,0.3,0.5,0.4,1.2,4.3
168,Joe Harris,SG,31,BRK,13,9,26,2.8,7.2,0.394,1.6,4.8,0.333,1.2,2.4,0.516,0.505,0.2,0.5,0.5,0.8,2.6,3.4,1.9,0.5,0.2,0.5,2.1,7.5
169,Kevon Harris,SG,25,ORL,10,0,13.4,1.1,3.3,0.333,0.5,1.2,0.417,0.6,2.1,0.286,0.409,1.1,1.4,0.786,1,1.4,2.4,0.5,0.4,0,0.8,1.7,3.8
170,Tobias Harris,PF,30,PHI,14,14,33.7,5.6,12.1,0.462,2.1,5.2,0.397,3.5,6.9,0.51,0.547,1.5,1.9,0.778,1.1,5.1,6.2,2.9,1.6,0.6,1.1,2.1,14.7
171,Josh Hart,SG,27,POR,14,14,36.1,3.1,7.2,0.426,0.5,1.6,0.304,2.6,5.6,0.462,0.46,2,2.9,0.683,1.6,6.9,8.6,4.4,1.3,0.1,1.8,2.4,8.6
172,Isaiah Hartenstein,C,24,NYK,14,4,24.9,3.2,5.9,0.542,0.2,1.1,0.2,3,4.9,0.618,0.56,0.8,1,0.786,3.6,4.8,8.4,0.9,0.7,1.2,1.1,2.9,7.4
173,Udonis Haslem,PF,42,MIA,2,0,5,0.5,1.5,0.333,0,0,,0.5,1.5,0.333,0.333,0.5,1,0.5,0,1,1,0,0,0.5,0,0.5,1.5
174,Sam Hauser,PF,25,BOS,14,0,15.6,2.6,5.1,0.507,2,4.4,0.452,0.6,0.6,0.889,0.704,0.2,0.3,0.75,0.3,1.6,1.9,0.6,0.3,0.3,0.1,1.3,7.4
175,Jaxson Hayes,C,22,NOP,5,0,7.4,0.2,1,0.2,0,0.4,0,0.2,0.6,0.333,0.2,0,0.4,0,0.2,0.8,1,0.6,0.2,0.2,0.2,1,0.4
176,Killian Hayes,PG,21,DET,15,2,20.7,2.1,6.9,0.308,0.5,2.2,0.242,1.6,4.7,0.338,0.346,0.5,0.7,0.8,0.5,2,2.5,3.5,0.9,0.3,1.7,2.3,5.3
177,Gordon Hayward,SF,32,CHO,8,8,31,6.3,13.3,0.472,1.3,3.5,0.357,5,9.8,0.513,0.519,3.6,4.6,0.784,0.5,3.8,4.3,4.1,0.8,0.3,2.8,0.8,17.4
178,Juancho Hernangómez,PF,27,TOR,8,0,11.3,1.1,2.3,0.5,0.5,1.3,0.4,0.6,1,0.625,0.611,0.1,0.3,0.5,0.5,2.3,2.8,1.1,0.5,0.3,0.5,0.9,2.9
179,Willy Hernangómez,C,28,NOP,3,0,8.7,1.7,3.7,0.455,0,0.7,0,1.7,3,0.556,0.455,0.7,0.7,1,1.3,2.7,4,0.3,0.3,0,1.7,1,4
180,Tyler Herro,SG,23,MIA,10,10,31.4,7.2,15.4,0.468,2.4,6.4,0.375,4.8,9,0.533,0.545,2.8,3.1,0.903,0.6,5.8,6.4,2.6,0.7,0.6,2.1,1.6,19.6
181,Buddy Hield,SG,30,IND,12,12,31.5,6.8,14.6,0.469,4.1,10,0.408,2.8,4.6,0.6,0.609,1.1,1.3,0.867,1.3,4.3,5.5,3.2,0.8,0.4,1.9,2.2,18.8
182,Haywood Highsmith,SF,26,MIA,6,0,4.8,0.2,1,0.167,0,0.7,0,0.2,0.3,0.5,0.167,0,0,,0,0.7,0.7,0,0.5,0,0.5,0.2,0.3
183,George Hill,PG,36,MIL,13,0,22.9,1.5,4.2,0.37,0.5,2,0.231,1.1,2.2,0.5,0.426,1.7,2.3,0.733,0.4,1.5,1.8,2.6,0.4,0.2,0.8,1.4,5.2
184,Malcolm Hill,SF,27,CHI,3,0,0.3,0,0,,0,0,,0,0,,,0,0,,0,0.3,0.3,0,0,0,0,0,0
185,Aaron Holiday,PG,26,ATL,14,1,19.2,1.9,4.4,0.443,0.6,1.2,0.471,1.4,3.1,0.432,0.508,0.6,0.6,0.889,0.4,1,1.4,1.8,0.8,0.2,0.9,1.7,5
186,Jrue Holiday,PG,32,MIL,10,10,33.1,7.4,16.8,0.44,2.4,6.7,0.358,5,10.1,0.495,0.512,2.4,2.8,0.857,1.3,4.4,5.7,7.9,1.5,0.7,2.9,1.7,19.6
187,Justin Holiday,SG,33,ATL,13,0,19.4,2.4,6.2,0.388,1.5,4.3,0.339,0.9,1.8,0.5,0.506,0,0,,0.1,1.2,1.2,1.2,0.3,0.3,0.6,1.9,6.2
188,Richaun Holmes,PF,29,SAC,9,0,12,1.8,2.4,0.727,0.1,0.1,1,1.7,2.3,0.714,0.75,0.4,0.7,0.667,0.9,1.8,2.7,0,0.2,0.1,0.6,1.9,4.1
189,Al Horford,C,36,BOS,11,11,31.5,4.4,8.1,0.539,2.1,4.6,0.451,2.3,3.5,0.658,0.669,0.5,0.7,0.625,1.2,5.4,6.5,2.3,0.5,0.7,0.7,2.1,11.3
190,Talen Horton-Tucker,SG,22,UTA,16,0,16.4,2.9,7.2,0.4,0.8,2.9,0.255,2.1,4.3,0.5,0.452,1.4,1.8,0.821,0.6,2.1,2.7,2.6,0.8,0.3,1,1.4,7.9
191,Danuel House Jr.,SF,29,PHI,12,0,16.8,1.3,2.9,0.429,0.6,1.8,0.333,0.7,1.2,0.571,0.529,0.8,1.2,0.714,0.3,1.3,1.7,0.8,0.5,0.3,0.5,1.4,3.9
192,Caleb Houstan,SF,20,ORL,10,0,17.2,1.1,3.1,0.355,0.7,2.2,0.318,0.4,0.9,0.444,0.468,0.5,0.6,0.833,0.5,1.5,2,0.5,0.2,0.1,0.4,1.4,3.4
193,Trevor Hudgins,PG,23,HOU,1,0,4,1,1,1,1,1,1,0,0,,1.5,0,0,,0,0,0,0,0,0,0,0,3
194,Kevin Huerter,SG,24,SAC,13,13,31.7,5.6,10.9,0.514,3.8,7.3,0.526,1.8,3.6,0.489,0.69,1.7,2.5,0.667,0.2,2.7,2.8,3.2,0.9,0.4,1.4,2.1,16.8
195,De'Andre Hunter,SF,25,ATL,14,14,29.9,5.9,12.6,0.466,1.4,3.9,0.37,4.4,8.7,0.508,0.523,2.5,3.2,0.778,0.7,3.1,3.9,1,0.3,0.1,1.4,3.4,15.6
196,Bones Hyland,PG,22,DEN,9,0,20.8,4.4,11.4,0.388,2.9,5.8,0.5,1.6,5.7,0.275,0.515,2.2,2.9,0.769,0.1,1.6,1.7,3.7,0.7,0.3,2,1.9,14
197,Serge Ibaka,PF,33,MIL,11,0,11.8,1.6,3.1,0.529,0.5,1.1,0.417,1.2,2,0.591,0.603,0.6,1,0.636,0.9,2.4,3.3,0.3,0,0.5,0.6,1.5,4.4
198,Brandon Ingram,SF,25,NOP,10,10,33,7.8,16.1,0.484,1.7,3.4,0.5,6.1,12.7,0.48,0.537,3.9,4.7,0.83,0.6,5,5.6,3.8,0.8,0.9,2.9,2.7,21.2
199,Kyrie Irving,PG,30,BRK,8,8,38.6,9.8,21.5,0.453,2.6,9.4,0.28,7.1,12.1,0.588,0.515,4.8,5.1,0.927,0.8,4.4,5.1,5.1,1.4,1.1,2.4,3,26.9
200,Jaden Ivey,SG,20,DET,14,14,31.6,5.7,13,0.44,1.5,4.4,0.339,4.2,8.6,0.492,0.497,3.2,4.4,0.738,1.3,3.7,5,4.1,1.4,0.4,2.6,2.9,16.1
201,Isaiah Jackson,PF,21,IND,12,3,18.4,3.3,5.4,0.615,0,0.1,0,3.3,5.3,0.625,0.615,1.9,2.8,0.697,1.7,3.8,5.4,1.2,0.5,1.3,1.3,2.7,8.6
202,Jaren Jackson Jr.,C,23,MEM,1,1,25,3,14,0.214,0,7,0,3,7,0.429,0.214,1,2,0.5,2,4,6,0,0,5,2,1,7
203,Justin Jackson,SF,27,BOS,3,0,5,0.7,2,0.333,0.7,1.7,0.4,0,0.3,0,0.5,0,0,,0,0.3,0.3,0.3,0,0,0,0.7,2
204,Reggie Jackson,PG,32,LAC,15,15,28.7,4,9.7,0.414,1.2,4.1,0.29,2.8,5.5,0.506,0.476,1.1,1.1,0.941,0.3,2.1,2.3,4.1,0.7,0.1,2.1,1.7,10.3
205,LeBron James,PF,38,LAL,10,10,35.7,10,21.9,0.457,1.7,7.1,0.239,8.3,14.8,0.561,0.495,3.2,4.8,0.667,1.8,7,8.8,6.9,1.1,0.7,3.4,2,24.9
206,Ty Jerome,SG,25,GSW,8,0,15,2,3.8,0.533,0.8,2,0.375,1.3,1.8,0.714,0.633,1.3,1.3,1,0.1,0.9,1,1.9,0.1,0.1,0.3,1.1,6
207,Isaiah Joe,SG,23,OKC,11,0,6.1,1.2,2.3,0.52,0.7,1.7,0.421,0.5,0.5,0.833,0.68,0.5,0.6,0.714,0,1.1,1.1,0.5,0.3,0.1,0.4,0.7,3.5
208,Cameron Johnson,PF,26,PHO,8,8,25.3,4.6,10.4,0.446,2.8,6.4,0.431,1.9,4,0.469,0.578,1,1.4,0.727,0.6,2.8,3.4,1.8,1.1,0.4,0.3,1.8,13
209,Jalen Johnson,SF,21,ATL,14,0,14,1.7,3.6,0.471,0.2,1.2,0.176,1.5,2.4,0.618,0.5,0.6,0.9,0.692,0.4,2.7,3.1,0.7,0.7,0.2,0.5,1.5,4.3
210,James Johnson,PF,35,IND,3,0,14.7,1.7,4,0.417,0.3,1.7,0.2,1.3,2.3,0.571,0.458,0,0,,0,2.3,2.3,1.3,0.3,0.7,0,3.3,3.7
211,Keldon Johnson,SF,23,SAS,14,14,32.9,7.6,16.9,0.451,3.7,8.8,0.423,3.9,8.1,0.482,0.561,3.7,4.8,0.776,0.6,4.4,4.9,3.6,1,0.1,2.9,1.5,22.7
212,Keon Johnson,SG,20,POR,6,0,17.7,2.7,7.5,0.356,1.3,3.8,0.348,1.3,3.7,0.364,0.444,0.3,1,0.333,0.5,2,2.5,1.7,0.8,0.3,2.2,1.7,7
213,Nikola Jokić,C,27,DEN,13,13,31.1,7.9,13.1,0.606,0.6,2.2,0.286,7.3,10.9,0.669,0.629,4.3,4.9,0.875,1.5,7.9,9.5,8.9,1.5,0.6,3.2,2.7,20.8
214,Damian Jones,C,27,LAL,9,1,8.3,1.1,2.3,0.476,0,0.1,0,1.1,2.2,0.5,0.476,0.8,1.1,0.7,1,1.7,2.7,0.3,0.1,0.4,0.6,1.1,3
215,Derrick Jones Jr.,SF,25,CHI,12,0,14.4,1.7,3.8,0.444,0.3,0.9,0.273,1.4,2.8,0.5,0.478,2.2,2.6,0.839,1.1,1.6,2.7,0.6,0.4,0.8,0.2,1.3,5.8
216,Herbert Jones,SF,24,NOP,10,10,29.1,3.7,7.8,0.474,0.4,2.1,0.19,3.3,5.7,0.579,0.5,2.6,3.4,0.765,1.3,2.2,3.5,2,1,0.6,0.9,3.7,10.4
217,Kai Jones,C,22,CHO,7,0,4,0.6,1,0.571,0.1,0.4,0.333,0.4,0.6,0.75,0.643,0.3,0.6,0.5,0,0.1,0.1,0.3,0.1,0.9,0,0.3,1.6
218,Tre Jones,PG,23,SAS,14,14,29.9,4.1,10.3,0.403,0.9,2.3,0.406,3.2,8,0.402,0.448,2.4,2.6,0.917,0.6,3.1,3.7,6.9,1.5,0.2,1.9,2.1,11.6
219,Tyus Jones,PG,26,MEM,15,2,23.1,4.3,9.6,0.444,1.3,3.9,0.339,2.9,5.7,0.518,0.514,0.5,0.9,0.615,0.3,1.4,1.7,3.9,0.7,0.1,1.1,0.5,10.4
220,DeAndre Jordan,C,34,DEN,11,0,13.5,2.3,2.8,0.806,0.1,0.1,1,2.2,2.7,0.8,0.823,0.8,1.5,0.529,1.4,3.5,4.9,0.7,0.1,0.6,1.4,1.5,5.5
221,Cory Joseph,PG,31,DET,12,2,12.4,1.1,2.8,0.394,0.6,1.5,0.389,0.5,1.3,0.4,0.5,0.8,0.9,0.818,0.2,0.8,0.9,2.4,0.3,0.1,0.4,1.5,3.5
222,Nikola Jović,PF,19,MIA,4,0,6,1,2,0.5,0.3,1,0.25,0.8,1,0.75,0.563,0,0,,0.3,0.3,0.5,0.3,0.5,0,0.5,1.3,2.3
223,Frank Kaminsky,C,29,ATL,5,0,5.6,0.6,1,0.6,0,0.2,0,0.6,0.8,0.75,0.6,0.8,0.8,1,0,1.2,1.2,0.6,0,0,0.2,1.4,2
224,Trevor Keels,SG,19,NYK,1,0,1,0,1,0,0,1,0,0,0,,0,0,0,,0,1,1,0,0,0,0,0,0
225,Luke Kennard,SG,26,LAC,14,7,21.3,2.9,5.7,0.513,1.6,3.4,0.479,1.3,2.3,0.563,0.656,0.2,0.2,1,0.3,2.6,2.9,0.6,0.6,0,1.1,1.4,7.7
226,Walker Kessler,C,21,UTA,13,0,14.9,2.5,3.5,0.696,0,0,,2.5,3.5,0.696,0.696,0.7,1.4,0.5,2.3,3.1,5.4,0.7,0.2,1.6,0.7,1.8,5.6
227,Braxton Key,SF,25,DET,2,0,3.5,0.5,0.5,1,0,0,,0.5,0.5,1,1,1,1,1,0,0.5,0.5,0,0,0,0,0,2
228,Corey Kispert,SF,23,WAS,6,5,24.2,3.2,5.7,0.559,1.3,3,0.444,1.8,2.7,0.688,0.676,1.2,1.3,0.875,0,2.2,2.2,1.7,0.8,0,0.7,1.2,8.8
229,Maxi Kleber,C,31,DAL,13,0,24.6,1.5,4,0.385,0.7,2.5,0.273,0.8,1.5,0.579,0.471,0.7,0.9,0.75,0.8,2.8,3.6,0.8,0.5,0.7,0.6,1.8,4.5
230,Nathan Knight,PF,25,MIN,5,0,2.6,0.2,0.4,0.5,0,0.2,0,0.2,0.2,1,0.5,0.2,0.2,1,0,1,1,0,0.4,0,0.2,0.4,0.6
231,Kevin Knox,SF,23,DET,8,0,8.1,0.8,3,0.25,0.3,2,0.125,0.5,1,0.5,0.292,0,0,,0.3,0.8,1,0.1,0.1,0.1,0.5,1.3,1.8
232,Christian Koloko,C,22,TOR,15,8,17.1,1.5,3.4,0.431,0,0.2,0,1.5,3.2,0.458,0.431,1.1,1.6,0.667,1.5,1.9,3.3,0.5,0.3,1.2,0.7,2.9,4
233,John Konchar,SG,26,MEM,14,6,26.6,2.7,5.9,0.458,1.4,3.6,0.392,1.3,2.3,0.563,0.578,0.1,0.1,0.5,1.5,4.2,5.7,1.1,1,0.3,0.5,1.8,6.9
234,Furkan Korkmaz,SG,25,PHI,5,0,5.6,0.8,1.6,0.5,0.2,0.6,0.333,0.6,1,0.6,0.563,1,1.2,0.833,0.2,0.6,0.8,0.6,0,0,0.4,0.4,2.8
235,Luke Kornet,C,27,BOS,10,0,11.7,1.1,2.1,0.524,0.1,0.3,0.333,1,1.8,0.556,0.548,0.7,0.8,0.875,1.3,1.7,3,1.2,0.2,0.8,0.6,1.4,3
236,Vit Krejci,PG,22,ATL,6,0,2.3,0.5,0.8,0.6,0.3,0.7,0.5,0.2,0.2,1,0.8,0,0,,0,0.3,0.3,0.2,0,0,0,0.3,1.3
237,Jonathan Kuminga,PF,20,GSW,11,1,14.1,1.8,4.3,0.426,0.4,1.4,0.267,1.5,2.9,0.5,0.468,1.2,1.4,0.867,0.5,1.3,1.8,0.7,0.3,0.3,1.2,1.8,5.2
238,Kyle Kuzma,PF,27,WAS,14,14,32.9,6.8,14.9,0.455,2,6.3,0.318,4.8,8.6,0.554,0.522,2.8,3.8,0.736,0.9,7.1,7.9,2.7,0.2,0.6,2.3,2.6,18.4
239,Anthony Lamb,SF,25,GSW,6,1,20.5,3.5,5.7,0.618,2,3.7,0.545,1.5,2,0.75,0.794,0,0,,0.7,2.5,3.2,1.7,0.7,0,0.8,2.5,9
240,Jock Landale,C,27,PHO,13,0,14.9,2.8,5.8,0.493,0.2,1.8,0.125,2.6,3.9,0.667,0.513,1.5,1.8,0.792,1.8,2.6,4.4,0.8,0.3,0.8,0.7,2.5,7.4
241,Romeo Langford,SG,23,SAS,7,2,16.3,1.9,4.4,0.419,0.1,1,0.143,1.7,3.4,0.5,0.435,0.4,0.6,0.75,1.4,0.6,2,0.4,0.4,0.3,0.7,1.4,4.3
242,Jake LaRavia,PF,21,MEM,11,0,18.7,1.9,4.3,0.447,1.2,2.8,0.419,0.7,1.5,0.5,0.585,0.5,0.5,1,0.8,2.8,3.6,0.7,0.5,0.3,0.8,2.5,5.5
243,Zach LaVine,SG,27,CHI,10,10,33.8,7.6,17.1,0.444,3,7.8,0.385,4.6,9.3,0.495,0.532,3.7,4.4,0.841,0.5,3.4,3.9,4.1,1.3,0.1,2.2,2.5,21.9
244,Damion Lee,SG,30,PHO,13,0,19.2,2.2,5.3,0.42,1.6,3.5,0.457,0.6,1.8,0.348,0.572,0.9,1.1,0.857,0.4,2.1,2.5,1.1,0.6,0,0.5,1.5,7
245,Alex Len,C,29,SAC,4,0,3.3,0.5,0.8,0.667,0,0,,0.5,0.8,0.667,0.667,0.3,0.5,0.5,0,0.8,0.8,0,0,0,0,0.5,1.3
246,Kawhi Leonard,SF,31,LAC,2,0,21,4,9,0.444,0.5,3,0.167,3.5,6,0.583,0.472,4,4.5,0.889,2,4.5,6.5,2,1.5,0,2,2.5,12.5
247,Caris LeVert,SG,28,CLE,13,13,34.7,4.7,12,0.391,1.9,4.5,0.424,2.8,7.5,0.371,0.471,2.5,3.2,0.78,1.2,3.5,4.8,5.3,0.8,0.2,2.1,2.6,13.8
248,Damian Lillard,PG,32,POR,9,9,35.9,8.2,17.9,0.46,3.7,9.7,0.379,4.6,8.2,0.554,0.562,7.8,9,0.864,1,3.7,4.7,6.6,0.6,0.3,4.2,1.6,27.9
249,Nassir Little,PF,22,POR,14,0,15.1,2.4,4.5,0.524,0.9,2.1,0.433,1.4,2.4,0.606,0.627,0.6,1,0.643,0.3,2.2,2.5,0.9,0.4,0.1,0.7,0.7,6.3
250,Isaiah Livers,PF,24,DET,13,0,19.2,1.8,4.9,0.359,1.5,4,0.365,0.3,0.9,0.333,0.508,0.9,1.2,0.75,0.8,2,2.8,0.6,0.3,0.5,0.5,2,5.9
251,Kenneth Lofton Jr.,PF,20,MEM,3,0,4.7,1.3,3,0.444,0,0.3,0,1.3,2.7,0.5,0.444,0.3,1,0.333,0.3,0.3,0.7,0.3,0,0,0,1,3
252,Kevon Looney,C,26,GSW,14,14,24,2.8,4.6,0.609,0,0,,2.8,4.6,0.609,0.609,0.6,1,0.643,2.3,4.6,6.9,3.2,0.4,0.5,0.5,3.1,6.2
253,Brook Lopez,C,34,MIL,13,13,31.5,5.8,12.2,0.481,2.2,6.2,0.346,3.7,5.9,0.623,0.57,1.6,2,0.808,2.1,4.2,6.3,1,0.6,2.5,1.6,2.5,15.5
254,Robin Lopez,C,34,CLE,8,0,9.4,1.6,2.3,0.722,0,0,,1.6,2.3,0.722,0.722,0.5,0.8,0.667,0.9,0.8,1.6,0.4,0,0.3,0.5,0.9,3.8
255,Kevin Love,PF,34,CLE,13,1,21.2,3.7,8.7,0.425,2.5,6.2,0.407,1.2,2.5,0.469,0.571,2.2,2.6,0.853,1,6.5,7.5,2.6,0.2,0.2,1.2,1.3,12.2
256,Kyle Lowry,PG,36,MIA,14,14,35.3,3.9,9.9,0.399,2.1,6.2,0.345,1.8,3.6,0.49,0.507,3.1,3.5,0.898,0.6,4.1,4.7,5.8,1.1,0.4,2.2,2.6,13.1
257,Trey Lyles,PF,27,SAC,11,0,14.6,2.2,5.7,0.381,1.5,4.3,0.362,0.6,1.5,0.438,0.516,0.6,1,0.636,0.6,2,2.6,0.9,0.4,0.5,1.1,1.2,6.5
258,Théo Maledon,PG,21,CHO,14,0,14.1,1.7,3.1,0.545,0.6,1.4,0.4,1.1,1.7,0.667,0.636,0.8,0.9,0.846,0.1,2.1,2.1,2.2,0.5,0.2,1.1,1.1,4.8
259,Sandro Mamukelashvili,C,23,MIL,5,0,5,0.6,2,0.3,0.2,1,0.2,0.4,1,0.4,0.35,0,0,,0.4,1,1.4,0.2,0,0,0.2,0.2,1.4
260,Terance Mann,SG,26,LAC,15,5,18.1,2.7,4.7,0.586,0.3,1.5,0.227,2.4,3.2,0.75,0.621,0.8,1.2,0.667,0.5,2.5,3,1.5,0.5,0.3,0.8,1.7,6.6
261,Tre Mann,PG,21,OKC,13,4,24.1,4.2,10.5,0.401,1.8,5.5,0.333,2.4,5,0.477,0.489,0.8,1.2,0.625,0.8,2.3,3.1,2.2,0.9,0.1,1,1.8,11.1
262,Boban Marjanović,C,34,HOU,6,0,3.2,0.3,0.7,0.5,0,0,,0.3,0.7,0.5,0.5,0.5,0.8,0.6,0.2,0.8,1,0.2,0.2,0,0.3,0.2,1.2
263,Lauri Markkanen,SF,25,UTA,16,16,32.8,7.9,15.2,0.523,2.1,5.9,0.347,5.9,9.3,0.635,0.591,3.3,4,0.828,2.3,6.2,8.4,2.3,0.5,1,2,1.9,21.3
264,Naji Marshall,SF,25,NOP,14,4,20.1,2.5,5.9,0.427,0.7,2.1,0.345,1.8,3.8,0.472,0.488,1,1.4,0.737,0.9,2.3,3.2,1.6,0.6,0.2,1,1.4,6.7
265,Caleb Martin,PF,27,MIA,13,13,29,3.5,7.8,0.441,1.1,2.6,0.412,2.4,5.2,0.456,0.51,0.6,0.8,0.727,1.9,2.5,4.5,1.8,1.3,0.2,0.8,2,8.6
266,Cody Martin,SF,27,CHO,1,0,1,0,0,,0,0,,0,0,,,0,0,,0,0,0,0,0,0,0,0,0
267,Kenyon Martin Jr.,SF,22,HOU,14,3,25.1,4.2,8.1,0.518,1.1,3.5,0.327,3.1,4.6,0.662,0.588,1.4,2.1,0.667,1.3,3.7,5,1.6,0.4,0.6,1.2,2.1,11
268,Tyrese Martin,SG,23,ATL,6,0,2.5,0.5,0.8,0.6,0.2,0.3,0.5,0.3,0.5,0.667,0.7,0,0,,0.2,0,0.2,0,0.2,0,0,0.2,1.2
269,Garrison Mathews,SG,26,HOU,13,0,11.8,1.1,3.2,0.333,1.1,3.2,0.341,0,0.1,0,0.5,0.6,0.6,1,0.1,0.8,0.8,0.4,0.3,0.1,0.4,1.2,3.8
270,Bennedict Mathurin,SG,20,IND,12,0,28.2,6.1,13.3,0.456,2.8,6.3,0.453,3.3,7.1,0.459,0.563,4.9,5.9,0.831,1.3,2.7,3.9,2.3,0.4,0.1,2.4,2.3,19.9
271,Wesley Matthews,SG,36,MIL,13,0,16.3,1.1,3.7,0.292,0.8,2.8,0.297,0.2,0.8,0.273,0.406,0.4,0.5,0.833,1,1.3,2.3,0.6,0.7,0.3,0.5,1.7,3.4
272,Tyrese Maxey,SG,22,PHI,14,14,37.5,8.4,18.6,0.448,2.9,7,0.408,5.5,11.6,0.472,0.525,3.2,4.3,0.75,0.4,3,3.4,4.4,1.1,0.2,2.1,2.5,22.8
273,Miles McBride,PG,22,NYK,4,0,2.5,0,0.5,0,0,0.5,0,0,0,,0,0,0.5,0,0,0,0,0.5,0,0,0,0.3,0
274,CJ McCollum,SG,31,NOP,14,14,36,7.4,18.6,0.398,2.2,7.1,0.313,5.2,11.6,0.451,0.458,1.6,2.1,0.767,1,4.3,5.3,6.5,1.3,0.6,2.1,1.9,18.7
275,T.J. McConnell,PG,30,IND,11,0,15.9,1.8,4.8,0.377,0,0.2,0,1.8,4.6,0.392,0.377,0.2,0.3,0.667,0.5,1.7,2.3,3.3,1.2,0.3,1.6,1.2,3.8
276,Jaden McDaniels,PF,22,MIN,14,14,29.6,4.4,7.8,0.56,0.9,2.6,0.361,3.4,5.2,0.658,0.619,1.6,2.1,0.759,1.4,1.9,3.4,1.1,1.2,1.3,1.5,3.8,11.2
277,Jalen McDaniels,SF,25,CHO,15,1,26.3,3.7,8.3,0.44,1.3,3.3,0.4,2.3,5,0.467,0.52,1.2,1.4,0.857,1.1,3.9,5,2.3,1.1,0.7,1.3,2.6,9.9
278,Doug McDermott,SF,31,SAS,15,0,20.9,3.5,8.1,0.43,1.9,4.9,0.397,1.5,3.2,0.479,0.55,0.7,1,0.667,0.3,1.7,1.9,1.2,0.1,0.2,1.1,1.6,9.5
279,JaVale McGee,C,35,DAL,10,7,9.4,1.6,3.2,0.5,0,0,,1.6,3.2,0.5,0.5,1,1.7,0.588,1.1,1.9,3,0.2,0.3,0.5,1.1,1,4.2
280,Bryce McGowens,SG,20,CHO,5,0,6,1,1.8,0.556,0.2,0.6,0.333,0.8,1.2,0.667,0.611,1,1,1,0,0.4,0.4,0.2,0.4,0.2,0.2,0.2,3.2
281,Rodney McGruder,SG,31,DET,5,0,4.2,0.2,1.4,0.143,0.2,0.8,0.25,0,0.6,0,0.214,0.4,0.4,1,0.4,0.4,0.8,0.2,0,0,0,0.2,1
282,Jordan McLaughlin,PG,26,MIN,12,0,15.6,1.3,3.3,0.375,0.2,1.6,0.105,1.1,1.8,0.619,0.4,0.5,0.5,1,0.3,1.7,2,3.8,0.5,0.1,0.7,0.5,3.2
283,De'Anthony Melton,PG,24,PHI,12,5,24.4,3.5,8.1,0.433,1.3,4,0.333,2.2,4.1,0.531,0.515,0.4,0.6,0.714,1.2,3.1,4.3,2.7,1.6,0.5,0.9,1.6,8.8
284,Chimezie Metu,C,25,SAC,9,0,12,1.9,3.9,0.486,0.1,1.2,0.091,1.8,2.7,0.667,0.5,0.6,0.7,0.833,0.3,2.3,2.7,0.9,0.4,0.1,0.7,1,4.4
285,Patty Mills,PG,34,BRK,15,0,12.3,1.7,4.1,0.41,1.3,3.2,0.396,0.4,0.9,0.462,0.566,0.7,0.7,1,0.3,0.6,0.9,0.9,0.2,0.1,0.2,0.5,5.3
286,Shake Milton,SG,26,PHI,10,0,12.4,1.7,3.7,0.459,0.1,0.7,0.143,1.6,3,0.533,0.473,0.4,0.6,0.667,0.5,1.5,2,1.4,0,0.2,1.2,1.4,3.9
287,Davion Mitchell,PG,24,SAC,13,1,18.6,2.8,5.8,0.474,1,2.9,0.342,1.8,2.9,0.605,0.559,0.3,0.5,0.667,0.1,1.2,1.2,1.8,0.5,0.1,1.3,1.7,6.8
288,Donovan Mitchell,SG,26,CLE,11,11,39.1,11.2,21.8,0.513,4.2,9.6,0.434,7,12.2,0.575,0.608,5.1,5.8,0.875,1,3.7,4.7,6.1,1.4,0.6,3.4,2.9,31.6
289,Evan Mobley,PF,21,CLE,13,13,33.9,6,10.8,0.553,0.2,0.8,0.182,5.8,10,0.585,0.56,2.6,3.7,0.708,2.4,5.2,7.5,2.2,0.9,1.4,2.4,3.1,14.8
290,Isaiah Mobley,PF,23,CLE,1,0,4,1,1,1,1,1,1,0,0,,1.5,0,0,,0,1,1,0,0,0,0,1,3
291,Chima Moneke,SF,27,SAC,1,0,6,0,1,0,0,0,,0,1,0,0,0,2,0,2,0,2,1,0,0,0,2,0
292,Malik Monk,SG,24,SAC,13,0,21.5,4,9.3,0.43,1.9,5.2,0.368,2.1,4.1,0.509,0.533,2.2,2.3,0.933,0.5,1.8,2.3,4.4,0.4,0.3,1.7,1.7,12.1
293,Moses Moody,SG,20,GSW,12,1,17.7,2.2,5.3,0.413,1.2,3.3,0.359,1,2,0.5,0.524,1.1,1.3,0.813,0.4,1.8,2.2,0.8,0.5,0.4,1.3,1.1,6.6
294,Wendell Moore Jr.,SG,21,MIN,1,0,2,0,1,0,0,1,0,0,0,,0,0,0,,0,0,0,0,0,0,1,0,0
295,Ja Morant,PG,23,MEM,13,13,33.2,10.3,21.5,0.48,2.1,5.2,0.403,8.2,16.3,0.505,0.529,6.6,8.5,0.782,1.2,4.9,6.2,6.8,1.2,0.3,3.9,1.8,29.3
296,Marcus Morris,PF,33,LAC,13,13,31.3,6,11.7,0.513,2.2,5.5,0.403,3.8,6.2,0.613,0.609,0.8,0.8,0.909,0.5,5.2,5.7,2.3,0.9,0.3,1,2.5,15
297,Markieff Morris,PF,33,BRK,8,0,9.6,0.9,2.8,0.318,0.8,1.9,0.4,0.1,0.9,0.143,0.455,0,0,,0.3,1.8,2,1.1,0.3,0.3,0.9,1.3,2.5
298,Monte Morris,PG,27,WAS,14,14,27.6,3.4,8.1,0.416,0.9,2.8,0.333,2.4,5.3,0.459,0.473,1.1,1.5,0.714,0.5,3.4,3.9,5.1,0.7,0.3,0.9,1.1,8.7
299,Trey Murphy III,SF,22,NOP,14,5,28.4,3.9,8.4,0.466,2.2,5.5,0.403,1.7,2.9,0.585,0.597,1.5,1.6,0.955,1.2,3.1,4.3,1.4,0.9,0.4,0.7,1.8,11.6
300,Dejounte Murray,SG,26,ATL,14,14,36.6,8.6,19.1,0.453,1.9,5.8,0.321,6.8,13.3,0.511,0.502,2.4,2.7,0.868,0.9,5.6,6.4,7.8,2.1,0.4,2.3,1.8,21.5
301,Jamal Murray,PG,25,DEN,12,12,28.7,6.5,14.8,0.438,1.6,4.6,0.345,4.9,10.3,0.48,0.492,1.6,2.2,0.731,0.7,2.8,3.5,4.3,1,0,2.1,0.8,16.2
302,Keegan Murray,SF,22,SAC,12,10,30.3,4.6,10.2,0.451,2.3,6,0.375,2.3,4.2,0.56,0.561,0.6,0.8,0.778,0.7,3,3.7,1.1,1,0.8,1.6,2.3,12
303,Mike Muscala,C,31,OKC,11,1,13.8,2.5,5.6,0.435,1.2,3.6,0.325,1.3,2,0.636,0.54,1,1.3,0.786,0.6,3.5,4.2,0.7,0,0.5,0.5,1.7,7.1
304,Svi Mykhailiuk,SF,25,NYK,3,0,2,1,1,1,1,1,1,0,0,,1.5,0,0.3,0,0,0.7,0.7,0,0,0,0.3,0,3
305,Larry Nance Jr.,PF,30,NOP,13,0,23.8,4.5,6.5,0.682,0.4,0.7,0.556,4.1,5.8,0.697,0.712,0.8,1.1,0.714,1.8,4,5.8,2.2,0.8,0.6,1.1,2.2,10.1
306,Andrew Nembhard,SG,23,IND,11,3,20.1,2.5,5.8,0.422,1.3,3.2,0.4,1.2,2.6,0.448,0.531,0.5,0.5,1,0.4,1.9,2.3,3.4,0.7,0.1,1.1,2.2,6.6
307,Aaron Nesmith,SF,23,IND,8,4,21.1,2.8,6.6,0.415,1.1,3.5,0.321,1.6,3.1,0.52,0.5,1.1,1.4,0.818,0.4,2.9,3.3,1.8,0.3,0.9,1.1,2.8,7.8
308,Raul Neto,PG,30,CLE,8,0,11.4,1.3,3.1,0.4,0.4,1.1,0.333,0.9,2,0.438,0.46,0.8,0.8,1,0.3,1.3,1.5,1.6,0.5,0,0.5,0.8,3.6
309,Georges Niang,PF,29,PHI,14,0,18.1,2.9,6.1,0.471,2.1,4.8,0.448,0.7,1.3,0.556,0.647,0.5,0.5,1,0.2,1.6,1.9,0.7,0.4,0.4,0.7,1.8,8.4
310,Daishen Nix,PG,20,HOU,12,0,13.9,1.2,3.1,0.378,0.9,2.1,0.44,0.3,1,0.25,0.527,0.3,0.3,0.75,0.3,1.1,1.3,2.3,0.8,0.1,1.4,0.8,3.5
311,Zeke Nnaji,PF,22,DEN,8,0,3.9,0.9,1.6,0.538,0,0.4,0,0.9,1.3,0.7,0.538,0.3,0.3,1,0.5,0.4,0.9,0,0.3,0,0.3,1.1,2
312,Nerlens Noel,C,28,DET,4,0,13.5,1,3,0.333,0,0,,1,3,0.333,0.333,0.8,1,0.75,0.5,3.3,3.8,0.8,0.8,0.3,0.8,1.3,2.8
313,Jaylen Nowell,SG,23,MIN,14,0,18.1,4.3,10.3,0.417,1.2,3.9,0.309,3.1,6.4,0.483,0.476,1.1,1.4,0.789,0.6,2.2,2.8,2.3,0.5,0.1,0.9,1.5,10.9
314,Frank Ntilikina,PG,24,DAL,1,0,4,0,3,0,0,3,0,0,0,,0,0,0,,0,2,2,1,0,0,0,0,0
315,Kendrick Nunn,PG,27,LAL,11,2,13.5,1.9,6.2,0.309,0.7,3.2,0.229,1.2,3,0.394,0.368,0.2,0.3,0.667,0.1,1.4,1.5,1.3,0.2,0.1,1.4,0.9,4.7
316,Jusuf Nurkić,C,28,POR,11,11,28.2,4.7,9.6,0.491,0.5,1,0.545,4.2,8.6,0.484,0.519,2.6,3.1,0.853,3,7.6,10.6,2.4,0.8,0.7,2.4,3,12.6
317,Jordan Nwora,SF,24,MIL,13,1,18.2,2,6.6,0.302,1,3.3,0.302,1,3.3,0.302,0.378,1.2,1.2,1,0.8,3.3,4.2,1,0.3,0.1,0.8,1.2,6.2
318,Royce O'Neale,SF,29,BRK,15,15,35.5,3.4,9.2,0.37,2.3,5.7,0.412,1.1,3.5,0.302,0.496,0.7,0.9,0.714,1.1,3.4,4.5,3.9,1.3,0.6,1.3,3.3,9.8
319,Chuma Okeke,PF,24,ORL,14,3,21,2,4.9,0.412,1.1,3.3,0.348,0.9,1.6,0.545,0.529,0.9,1.2,0.765,1.4,2.9,4.4,1.6,0.4,0.5,0.6,1.8,6.1
320,Josh Okogie,SG,24,PHO,12,0,5.3,0.3,1.2,0.286,0,0.6,0,0.3,0.6,0.571,0.286,0.3,0.5,0.667,0.3,0.9,1.2,0.1,0.3,0.2,0.4,0.7,1
321,Onyeka Okongwu,C,22,ATL,13,0,19.8,3.7,5.5,0.667,0,0.1,0,3.7,5.5,0.676,0.667,0.8,1.2,0.667,1.8,3.8,5.6,1,0.5,0.8,0.6,3.3,8.2
322,Isaac Okoro,SG,22,CLE,13,3,15.8,0.9,2.8,0.333,0.1,1.1,0.071,0.8,1.7,0.5,0.347,0.7,0.9,0.75,0.4,1.1,1.5,0.4,0.5,0.1,0.8,2,2.6
323,KZ Okpala,PF,23,SAC,7,3,7.3,0.3,0.9,0.333,0.1,0.6,0.25,0.1,0.3,0.5,0.417,0.6,0.6,1,0.3,0.6,0.9,0.3,0,0,0,0.9,1.3
324,Kelly Olynyk,PF,31,UTA,16,16,26.9,4.5,8.3,0.545,1.6,3.2,0.49,2.9,5.1,0.58,0.64,2.6,3.3,0.792,1.3,3.5,4.8,3.1,1.3,0.4,2.6,4.4,13.2
325,Eugene Omoruyi,SF,25,OKC,6,0,11.5,2.5,4.3,0.577,1,1.8,0.545,1.5,2.5,0.6,0.692,1.2,1.8,0.636,0.8,1.2,2,0.3,0.2,0,0.7,2.8,7.2
326,Cedi Osman,SF,27,CLE,13,0,21.4,3.1,7,0.44,1.5,3.8,0.388,1.6,3.2,0.5,0.544,1.3,1.8,0.708,0.2,2.2,2.4,1.8,0.1,0.1,0.8,2.2,8.9
327,Kelly Oubre Jr.,SF,27,CHO,15,15,30.8,6.7,16.3,0.41,2.5,7.7,0.33,4.1,8.6,0.481,0.488,2.5,3.5,0.698,1.1,3.7,4.8,1.2,1.5,0.3,1.2,3.1,18.3
328,Chris Paul,PG,37,PHO,10,10,30.2,2.8,7.6,0.368,0.9,3.3,0.273,1.9,4.3,0.442,0.428,3,3.4,0.882,0.5,4,4.5,9.4,1.7,0.2,1.5,2.3,9.5
329,Cameron Payne,PG,28,PHO,11,3,21.8,4.5,10.9,0.417,1.8,4.7,0.385,2.7,6.2,0.441,0.5,0.9,1.1,0.833,0.3,2.3,2.5,3.8,1,0.1,1.9,1.7,11.8
330,Theo Pinson,SG,27,DAL,2,0,3.5,0,0,,0,0,,0,0,,,1,1,1,0,1,1,0.5,0,0,0,0,1
331,Scotty Pippen Jr.,PG,22,LAL,2,0,4,0,1,0,0,0,,0,1,0,0,1.5,2,0.75,0.5,0.5,1,0,0,0,0.5,1,1.5
332,Mason Plumlee,C,32,CHO,15,15,26.6,3.7,5.9,0.636,0,0,,3.7,5.9,0.636,0.636,2.2,3.7,0.589,2.9,5.9,8.9,4.1,0.6,0.5,1.9,3.4,9.7
333,Jakob Poeltl,C,27,SAS,15,15,28.8,5.9,9,0.659,0,0,,5.9,9,0.659,0.659,1.5,3.2,0.479,3.9,6.2,10.1,3.7,0.9,1.2,2.5,2.2,13.4
334,Aleksej Pokusevski,PF,21,OKC,12,8,24.4,4,8.7,0.462,1.3,3.6,0.372,2.7,5.1,0.525,0.538,0.6,1.1,0.538,1.8,4.2,5.9,1.8,0.8,1.7,1.7,1.8,9.9
335,Jordan Poole,SG,23,GSW,14,3,28.6,5.8,13.2,0.438,2.4,7,0.347,3.4,6.2,0.54,0.53,3.1,3.7,0.827,0.2,1.6,1.8,4.3,1.2,0.1,3,2.4,17.1
336,Kevin Porter Jr.,PG,22,HOU,14,14,34.8,6.6,16.1,0.409,1.8,5.5,0.325,4.8,10.6,0.453,0.464,4.3,5.9,0.732,1.5,4.3,5.8,5.6,1.4,0.3,3.9,3,19.2
337,Michael Porter Jr.,SF,24,DEN,12,12,29.1,6.5,13.1,0.497,3.6,7.4,0.483,2.9,5.7,0.515,0.634,1.4,1.7,0.85,1.3,5.1,6.4,1.3,0.7,0.3,1,2.9,18
338,Otto Porter Jr.,SF,29,TOR,8,2,18.3,1.9,3.8,0.5,0.8,2.1,0.353,1.1,1.6,0.692,0.6,1,1,1,0.8,1.6,2.4,1,1.4,0,0.5,0.9,5.5
339,Bobby Portis,PF,27,MIL,13,3,26.5,5.4,12.2,0.443,1.2,3.9,0.314,4.2,8.2,0.505,0.494,1.4,1.8,0.783,2.8,8.2,10.9,2,0.4,0.2,1.1,1.5,13.4
340,Kristaps Porziņģis,PF,27,WAS,13,13,31,7.1,14.5,0.489,2.2,5.8,0.387,4.8,8.7,0.558,0.566,4.2,5.2,0.806,2.2,5.9,8.2,2.4,0.8,1.4,1.8,3.3,20.5
341,Micah Potter,PF,24,UTA,2,0,6,1,1,1,0,0,,1,1,1,1,0,0,,0.5,1,1.5,0.5,0,0,0,1,2
342,Dwight Powell,C,31,DAL,10,6,18.8,2.4,3.9,0.615,0,0.1,0,2.4,3.8,0.632,0.615,1.2,1.6,0.75,1.7,1.9,3.6,0.7,0.7,0.4,0.7,2.3,6
343,Norman Powell,SG,29,LAC,15,5,24.7,4.1,9.9,0.416,1.1,3.8,0.281,3.1,6.1,0.5,0.47,2.5,3.1,0.787,0.3,2.3,2.7,1.4,0.9,0.3,1.9,1.9,11.8
344,Jason Preston,PG,23,LAC,1,0,3,0,1,0,0,1,0,0,0,,0,0,2,0,0,0,0,0,0,0,0,0,0
345,Joshua Primo,SG,20,SAS,4,0,23.3,2.3,6.5,0.346,0.8,3,0.25,1.5,3.5,0.429,0.404,1.8,2.3,0.778,0.5,2.8,3.3,4.5,0.3,0.5,2.8,2,7
346,Taurean Prince,SF,28,MIN,14,0,19.9,2.9,5.9,0.5,1.4,3.2,0.422,1.6,2.6,0.595,0.616,1.1,1.2,0.941,0.4,2.1,2.6,1.1,0.3,0.2,0.9,2.5,8.4
347,Payton Pritchard,PG,25,BOS,7,0,10.6,2.1,4.7,0.455,0.7,2.1,0.333,1.4,2.6,0.556,0.53,0.3,0.6,0.5,1.1,1,2.1,1.1,0.4,0,1.3,0.4,5.3
348,Immanuel Quickley,PG,23,NYK,14,0,21.7,3.1,8.3,0.379,1.2,4,0.304,1.9,4.3,0.45,0.453,1.6,1.9,0.815,0.6,4.2,4.8,3.1,1.4,0.1,1.3,2,9.1
349,Julius Randle,PF,28,NYK,14,14,33.3,6.8,14.8,0.459,1.9,5.8,0.333,4.9,9,0.54,0.524,4.9,6.4,0.767,2.4,6.4,8.8,3.2,0.6,0.3,3.1,3.5,20.4
350,Austin Reaves,SG,24,LAL,13,4,26.9,2.6,5.5,0.479,1,2.8,0.361,1.6,2.7,0.6,0.57,2.2,2.5,0.879,0.7,2.5,3.2,1.6,0.5,0.3,1.1,1.2,8.5
351,Cam Reddish,SF,23,NYK,14,6,22.1,3.4,7.6,0.453,1.1,3.1,0.341,2.4,4.4,0.532,0.524,1.1,1.3,0.889,0.3,1.5,1.8,1.1,0.7,0.5,0.8,1.6,9.1
352,Davon Reed,SG,27,DEN,9,0,5.8,0.6,1.7,0.333,0.4,0.8,0.571,0.1,0.9,0.125,0.467,0.1,0.2,0.5,0,0.4,0.4,0.1,0.3,0,0.9,0.6,1.7
353,Paul Reed,C,23,PHI,11,0,7.2,0.3,1.2,0.231,0,0.2,0,0.3,1,0.273,0.231,0,0,,0.5,1.2,1.6,0.1,1,0.5,0.3,1.8,0.5
354,Naz Reid,C,23,MIN,9,0,13.1,3.4,5.9,0.585,0.7,2.2,0.3,2.8,3.7,0.758,0.642,0.9,1.3,0.667,0.7,2,2.7,0.3,0.4,0.8,0.8,1.9,8.4
355,Nick Richards,C,25,CHO,15,0,19.1,3.7,5.7,0.647,0,0,,3.7,5.7,0.647,0.647,2.5,3.3,0.74,2.8,3.1,5.9,0.8,0.1,0.8,0.8,2.2,9.8
356,Josh Richardson,SG,29,SAS,14,2,23.4,3.5,8.7,0.402,1.8,5,0.357,1.7,3.7,0.462,0.504,1.9,2.2,0.839,0.3,2,2.3,3.1,0.6,0.1,1.9,2,10.6
357,Austin Rivers,SG,30,MIN,7,0,6.3,0.3,1.3,0.222,0.1,0.7,0.2,0.1,0.6,0.25,0.278,0.6,0.6,1,0,0.6,0.6,0.3,0,0.1,0.1,0.1,1.3
358,Duncan Robinson,SF,28,MIA,14,0,17.6,2.3,6.5,0.352,1.5,4.9,0.309,0.8,1.6,0.478,0.467,0.6,0.7,0.9,0.2,2,2.2,1.3,0.1,0,0.5,1.7,6.7
359,Mitchell Robinson,C,24,NYK,8,8,21.8,2.9,4.1,0.697,0,0,,2.9,4.1,0.697,0.697,0.8,1.8,0.429,3.5,2.9,6.4,1,0.4,2.3,0.6,3.6,6.5
360,Jeremiah Robinson-Earl,PF,22,OKC,13,10,17.9,3.1,6,0.513,1.3,3,0.436,1.8,3,0.59,0.622,0.5,0.8,0.636,1.2,2.8,4,0.7,0.8,0.3,0.5,2.1,8
361,Isaiah Roby,PF,24,SAS,10,0,10.2,1.4,3.4,0.412,0.3,1.2,0.25,1.1,2.2,0.5,0.456,0.4,1.1,0.364,0.4,1.7,2.1,1.2,0.5,0.3,0.4,0.8,3.5
362,David Roddy,PF,21,MEM,15,0,17.7,2.1,5.7,0.372,0.8,3.1,0.261,1.3,2.7,0.5,0.442,0.5,0.7,0.7,0.8,1.8,2.6,0.7,0.5,0.3,0.5,1.5,5.5
363,Ryan Rollins,PG,20,GSW,5,0,4.2,0.8,1.6,0.5,0.4,0.6,0.667,0.4,1,0.4,0.625,0.4,0.4,1,0,0.6,0.6,0.4,0,0,1.4,1.2,2.4
364,Derrick Rose,PG,34,NYK,14,0,13.3,2.4,6.2,0.391,0.9,2.5,0.343,1.6,3.7,0.423,0.46,0.5,0.5,1,0.3,1.5,1.8,2.2,0.4,0.1,1.1,0.6,6.2
365,Terrence Ross,SG,31,ORL,13,8,26.4,3.7,8.3,0.444,1.8,4.3,0.411,1.9,4,0.481,0.551,0.5,0.7,0.667,0.5,2.2,2.7,1.5,0.6,0.2,1.2,2.2,9.6
366,Terry Rozier,PG,28,CHO,8,8,35.8,8,20.9,0.383,3.3,9.8,0.333,4.8,11.1,0.427,0.461,2,2.4,0.842,1.5,3.6,5.1,5.1,0.6,0.4,2.3,1.4,21.3
367,D'Angelo Russell,PG,26,MIN,14,14,30.1,5.1,12.5,0.411,1.9,5.9,0.329,3.2,6.6,0.484,0.489,2.2,3,0.738,0.8,2.6,3.4,6.2,1.3,0.6,3,2,14.4
368,Matt Ryan,SF,25,LAL,10,0,12.2,1.5,4.4,0.341,1.3,3.1,0.419,0.2,1.3,0.154,0.489,0.4,0.5,0.8,0.2,1.1,1.3,0.3,0.2,0,0.3,1.4,4.7
369,Domantas Sabonis,PF,26,SAC,13,13,31.7,6.5,11.2,0.575,0.2,1.1,0.214,6.2,10.2,0.614,0.586,4.7,6.5,0.726,2.5,8.5,11,6.3,0.9,0.5,2.3,3.9,17.8
370,Dario Šarić,PF,28,PHO,7,0,9,1,3.3,0.304,0.3,1.3,0.222,0.7,2,0.357,0.348,0.1,0.3,0.5,1.3,1.6,2.9,0.9,0.4,0,0.4,1.1,2.4
371,Jordan Schakel,SF,24,WAS,2,0,3,0.5,1,0.5,0.5,0.5,1,0,0.5,0,0.75,0,0,,0,0,0,0.5,0.5,0,0,0.5,1.5
372,Admiral Schofield,PF,25,ORL,5,0,6.4,0.6,1.2,0.5,0.4,1,0.4,0.2,0.2,1,0.667,0,0,,0,1,1,0,0,0,0,1,1.6
373,Dereon Seabron,SG,22,NOP,2,0,1.5,0,0,,0,0,,0,0,,,0,0,,0,0,0,0,0,0,0,0,0
374,Alperen Şengün,C,20,HOU,12,9,26.5,5.8,10.2,0.574,0.3,1.3,0.2,5.6,8.9,0.626,0.586,4.2,5.3,0.781,3.5,5.2,8.7,1.9,0.7,0.9,2.1,3.5,16.1
375,Collin Sexton,SG,24,UTA,16,1,21.8,4.5,9.7,0.465,1.1,2.9,0.37,3.4,6.8,0.505,0.519,3.3,4.1,0.8,0.9,1.9,2.8,1.9,0.7,0.1,1.6,2.2,13.3
376,Landry Shamet,SG,25,PHO,9,0,16.2,2.2,5.6,0.4,1.3,3.7,0.364,0.9,1.9,0.471,0.52,1.2,1.4,0.846,0.2,0.4,0.7,1.2,0.6,0.1,0.9,1.3,7
377,Day'Ron Sharpe,C,21,BRK,11,0,9.2,1,2.3,0.44,0.1,0.2,0.5,0.9,2.1,0.435,0.46,0.7,1.1,0.667,0.9,2.3,3.2,0.8,0.3,0.5,0.7,2,2.8
378,Shaedon Sharpe,SG,19,POR,13,4,21,3.8,7.1,0.533,1.1,2.3,0.467,2.7,4.8,0.565,0.609,0.7,1,0.692,0.8,1.8,2.5,0.4,0.3,0.3,0.7,2.1,9.3
379,Pascal Siakam,C,28,TOR,9,9,35.7,8.9,18.6,0.479,1.4,4.2,0.342,7.4,14.3,0.519,0.518,5.6,7.7,0.725,1.8,7.6,9.3,7.7,0.9,0.6,2.7,3.1,24.8
380,Ben Simmons,PG,26,BRK,10,6,26.6,2.5,5.2,0.481,0,0.1,0,2.5,5.1,0.49,0.481,0.8,1.7,0.471,1,5.1,6.1,5.6,1.1,0.5,2.2,3.7,5.8
381,Marko Simonovic,C,23,CHI,1,0,2,0,1,0,0,1,0,0,0,,0,0,0,,0,0,0,0,0,0,0,0,0
382,Anfernee Simons,SG,23,POR,12,12,35.9,7.7,18.2,0.422,3.9,10.4,0.376,3.8,7.8,0.484,0.53,3.1,3.6,0.86,0.4,2.6,3,3.9,0.8,0.2,2.3,2.2,22.3
383,Jericho Sims,C,24,NYK,9,2,12.4,1.8,2,0.889,0,0,,1.8,2,0.889,0.889,0.2,0.3,0.667,2,2.1,4.1,0.3,0.2,0.7,0.2,2.2,3.8
384,Marcus Smart,PG,28,BOS,14,14,32.7,4.1,9.7,0.419,1.5,5.1,0.292,2.6,4.6,0.563,0.496,1.7,2.1,0.828,0.3,2.9,3.2,7.1,1.1,0.3,1.6,3.1,11.4
385,Dennis Smith Jr.,PG,25,CHO,13,11,29.5,4.5,9.6,0.464,0.8,2.2,0.357,3.7,7.5,0.495,0.504,0.5,0.8,0.545,0.7,2.9,3.6,6.2,1.9,0.6,1.6,2.5,10.2
386,Dru Smith,SG,25,MIA,1,0,6,1,3,0.333,0,2,0,1,1,1,0.333,0,0,,0,1,1,0,1,0,0,1,2
387,Ish Smith,PG,34,DEN,5,0,4.6,0.4,1.6,0.25,0,0.2,0,0.4,1.4,0.286,0.25,0,0,,0,0.4,0.4,0.4,0,0.2,0.8,0.8,0.8
388,Jabari Smith Jr.,PF,19,HOU,13,13,29.5,3.3,10.5,0.316,1.7,5.7,0.297,1.6,4.8,0.339,0.397,1.8,2.2,0.821,1.5,5.2,6.7,0.8,0.4,1,1.2,3.6,10.1
389,Jalen Smith,PF,22,IND,12,12,23.8,4.2,9.4,0.442,1.3,4.1,0.327,2.8,5.3,0.531,0.513,1.3,2,0.667,1.8,5.8,7.6,1.1,0.2,0.8,1.6,2.3,11
390,Jeremy Sochan,PF,19,SAS,14,14,24.1,3.2,6.6,0.484,0.4,2.4,0.182,2.8,4.3,0.65,0.516,0.6,0.9,0.667,1.1,2.9,4,1.6,0.9,0.6,1.1,2.6,7.4
391,Jaden Springer,PG,20,PHI,2,0,2,1,1.5,0.667,0,0,,1,1.5,0.667,0.667,0.5,1,0.5,0.5,0.5,1,0,0,0.5,0,0.5,2.5
392,Lamar Stevens,PF,25,CLE,4,1,13.3,1.8,3.8,0.467,0,0.5,0,1.8,3.3,0.538,0.467,1.8,2,0.875,0.5,1.3,1.8,0.3,0,0.3,0.3,1.5,5.3
393,Isaiah Stewart,C,21,DET,15,15,27.1,3.8,8,0.475,1.2,3.6,0.333,2.6,4.4,0.591,0.55,3.2,4.3,0.738,2.9,6.5,9.3,1.3,0.5,0.7,1.1,3,12
394,Max Strus,SF,26,MIA,14,7,32.9,5.4,11.8,0.455,3,7.9,0.378,2.4,3.9,0.611,0.582,1,1.2,0.824,0.7,3.1,3.9,1.9,0.8,0.4,1,2.6,14.7
395,Jalen Suggs,PG,21,ORL,9,8,29,4.4,10.6,0.421,1.1,4.3,0.256,3.3,6.2,0.536,0.474,1.8,2.9,0.615,0.7,2.3,3,5.1,1.7,0.4,3.3,3.9,11.8
396,Edmond Sumner,SG,27,BRK,13,7,17.6,2.8,6.5,0.429,0.8,2.6,0.294,2,3.8,0.52,0.488,2.3,2.4,0.968,0.3,1.5,1.8,1.5,1.1,0.3,1.3,1.5,8.6
397,Cole Swider,SF,23,LAL,1,0,2,0,1,0,0,1,0,0,0,,0,0,0,,0,1,1,1,0,0,0,0,0
398,Jae'Sean Tate,SF,27,HOU,3,2,22.7,3.3,6.7,0.5,0.7,1.7,0.4,2.7,5,0.533,0.55,1,1.3,0.75,2.7,1.7,4.3,3.3,1,0,1.7,5,8.3
399,Jayson Tatum,PF,24,BOS,14,14,37.5,10.3,20.9,0.491,3.5,9.5,0.368,6.8,11.4,0.594,0.575,7.9,9.1,0.866,0.8,6.6,7.4,3.9,0.9,1.4,2.4,2.2,31.9
400,Terry Taylor,SG,23,IND,8,2,11.8,0.9,2.6,0.333,0.3,1,0.25,0.6,1.6,0.385,0.381,0.4,0.5,0.75,0.8,1.1,1.9,0.6,0.3,0.5,0.1,1.1,2.4
401,Garrett Temple,SG,36,NOP,2,0,10.5,1,2,0.5,1,2,0.5,0,0,,0.75,0,0,,0,0.5,0.5,0.5,0.5,0,0,1,3
402,Dalen Terry,SG,20,CHI,8,0,3.5,0.4,1.3,0.3,0.1,0.4,0.333,0.3,0.9,0.286,0.35,0.3,0.3,1,0,0.3,0.3,0.5,0.1,0.3,0.5,0.3,1.1
403,Cam Thomas,SG,21,BRK,10,0,19.5,2.9,7.2,0.403,0.6,1.7,0.353,2.3,5.5,0.418,0.444,3.2,3.8,0.842,0.1,1.7,1.8,2.3,0.8,0.2,1,1,9.6
404,Klay Thompson,SG,32,GSW,11,11,28.5,5.4,15.3,0.351,3.2,9.6,0.33,2.2,5.6,0.387,0.455,0.8,1.1,0.75,0.3,3.1,3.4,2.5,0.5,0.5,1.6,1.7,14.7
405,JT Thor,PF,20,CHO,13,0,11,0.9,2.9,0.316,0.3,1.5,0.2,0.6,1.4,0.444,0.368,0.5,0.7,0.778,0.6,1.5,2.2,0.6,0.2,0.4,0.7,0.5,2.7
406,Matisse Thybulle,SG,25,PHI,13,3,13.1,0.6,2.1,0.296,0.2,1.2,0.188,0.4,0.8,0.455,0.352,0.1,0.2,0.333,0.3,1.2,1.5,0.6,1,0.4,0.2,1.3,1.5
407,Xavier Tillman Sr.,PF,24,MEM,8,0,11.4,1.5,2.9,0.522,0.1,0.5,0.25,1.4,2.4,0.579,0.543,0.4,1.1,0.333,1.4,1.5,2.9,0.8,0,0.3,0.9,1,3.5
408,Isaiah Todd,PF,21,WAS,3,0,3,0.3,1,0.333,0,0.7,0,0.3,0.3,1,0.333,0,0,,0,0,0,0,0,0,0,0,0.7
409,Obi Toppin,PF,24,NYK,14,0,17.8,3.8,7.7,0.491,1.8,4.2,0.424,2,3.5,0.571,0.606,0.6,0.6,1,0.9,3.2,4.1,1.3,0.6,0.2,1,0.9,10
410,Juan Toscano-Anderson,SF,29,LAL,10,0,12.3,1,2.5,0.4,0.2,1.1,0.182,0.8,1.4,0.571,0.44,0.4,0.5,0.8,0.1,2,2.1,0.5,0.3,0.3,0.8,1.7,2.6
411,Karl-Anthony Towns,PF,27,MIN,14,14,34.3,7.6,14.7,0.515,2.1,5.6,0.367,5.5,9.1,0.606,0.585,4.1,4.6,0.891,1.9,7.4,9.3,5.2,0.6,0.6,2.9,3.9,21.3
412,Gary Trent Jr.,SG,24,TOR,14,14,32,5.8,13.9,0.415,2.2,6.8,0.326,3.6,7.1,0.5,0.495,2.8,3.6,0.78,0.7,1.2,1.9,1.4,1.4,0.2,1,1.3,16.6
413,P.J. Tucker,PF,37,PHI,14,14,28.4,1.9,3.4,0.574,0.8,1.7,0.458,1.1,1.6,0.696,0.691,0.2,0.3,0.75,1.3,3.1,4.4,0.8,0.6,0.5,1.1,2.6,4.9
414,Myles Turner,C,26,IND,7,7,28.3,5.4,10.7,0.507,1.4,3.9,0.37,4,6.9,0.583,0.573,5.6,6.6,0.848,1.6,7.1,8.7,1.4,0.3,3.1,1.9,3.7,17.9
415,Jonas Valančiūnas,C,30,NOP,14,14,23.6,4.7,9.5,0.496,0.4,1.2,0.353,4.3,8.3,0.517,0.519,3.1,3.7,0.846,3.1,6.4,9.6,2.1,0.5,0.3,1.5,2.3,13
416,Jarred Vanderbilt,PF,23,UTA,14,14,24.9,3.4,5.9,0.578,0.5,1.1,0.438,2.9,4.8,0.612,0.62,0.8,1.4,0.579,2.4,5.9,8.3,2.6,1.3,0.4,1.7,3.5,8.1
417,Fred VanVleet,PG,28,TOR,10,10,36.5,6,14.7,0.408,3.5,8.3,0.422,2.5,6.4,0.391,0.527,2.9,3.5,0.829,0.6,3.1,3.7,6.8,2.3,0.7,1.4,2.4,18.4
418,Devin Vassell,SG,22,SAS,11,9,31.3,7.3,15.9,0.457,3.1,7.4,0.42,4.2,8.5,0.489,0.554,2,2.5,0.786,0.1,3.8,3.9,3.4,0.8,0.5,1.5,1.3,19.6
419,Gabe Vincent,PG,26,MIA,14,0,25.9,3.4,8.5,0.403,1.5,4.7,0.318,1.9,3.8,0.509,0.492,1.4,1.7,0.833,0.3,2,2.3,3,0.9,0.1,1.4,2.6,9.8
420,Noah Vonleh,C,27,BOS,12,1,10.6,0.8,1.6,0.526,0.1,0.2,0.5,0.8,1.4,0.529,0.553,0.2,0.2,1,1.3,1.7,3,0.3,0.2,0.5,0.8,2.3,1.9
421,Nikola Vučević,C,32,CHI,14,14,31.1,6,12.8,0.469,1.7,4.4,0.393,4.3,8.4,0.508,0.536,2.3,2.5,0.914,2.6,8.9,11.5,2.9,0.2,0.8,2.4,2.4,16
422,Dean Wade,PF,26,CLE,11,4,22.8,2.5,4.6,0.529,1.6,3.3,0.5,0.8,1.4,0.6,0.706,0.7,1,0.727,0.5,2.8,3.3,1,0.5,0.4,0.4,2.5,7.3
423,Franz Wagner,SF,21,ORL,14,14,34.1,7.5,15.2,0.493,0.9,3.8,0.245,6.6,11.4,0.575,0.523,2.7,3.1,0.864,1.1,3.1,4.1,4.4,0.8,0.3,2.8,2.2,18.6
424,Jabari Walker,SF,20,POR,8,0,9,1.1,2.1,0.529,0.1,0.6,0.2,1,1.5,0.667,0.559,0.5,0.8,0.667,0.6,1.9,2.5,1,0.1,0.1,0.3,0.8,2.9
425,Lonnie Walker IV,SG,24,LAL,11,11,31.1,6.2,13.1,0.472,1.8,5.1,0.357,4.4,8,0.545,0.542,2.4,2.9,0.813,0.5,2,2.5,1.7,1.1,0.6,1.1,2.1,16.5
426,John Wall,PG,32,LAC,11,0,22.9,5,11.3,0.444,0.9,3.6,0.25,4.1,7.6,0.536,0.484,2.1,3.5,0.59,0.4,2.3,2.6,5,1.1,0.3,1.6,1.9,13
427,Duane Washington Jr.,SG,22,PHO,6,0,6,2,4.8,0.414,1,2.7,0.375,1,2.2,0.462,0.517,0,0,,0,0,0,0.8,0,0,0.3,0.2,5
428,P.J. Washington,PF,24,CHO,15,15,31.5,5.5,13,0.426,1.6,5,0.32,3.9,8,0.492,0.487,1.9,2.4,0.778,1.3,3.3,4.5,1.7,0.6,1.1,1.7,2.8,14.5
429,TyTy Washington Jr.,PG,21,HOU,1,0,4,0,0,,0,0,,0,0,,,1,2,0.5,0,0,0,0,0,0,0,0,1
430,Yuta Watanabe,SF,28,BRK,12,0,16.8,2.6,4.4,0.585,1.3,2.4,0.517,1.3,2,0.667,0.726,0.1,0.3,0.333,0.7,1.9,2.6,0.7,0.3,0.6,0.3,1.1,6.5
431,Lindy Waters III,SG,25,OKC,2,0,8,0.5,3,0.167,0.5,3,0.167,0,0,,0.25,0,0,,0.5,0.5,1,0,0,0,0,0,1.5
432,Trendon Watford,PF,22,POR,6,0,17.2,1.7,3.5,0.476,0,0.7,0,1.7,2.8,0.588,0.476,1.5,1.7,0.9,0.5,2.5,3,2.3,1,0,1.3,2.5,4.8
433,Peyton Watson,SG,20,DEN,4,0,2.3,0.8,1.8,0.429,0,0,,0.8,1.8,0.429,0.429,0,0,,0.5,0.3,0.8,0,0,0,0,0.3,1.5
434,Blake Wesley,SG,19,SAS,2,0,11.5,3,4.5,0.667,1,1.5,0.667,2,3,0.667,0.778,1,2,0.5,0.5,0.5,1,2,0,0,1,1.5,8
435,Russell Westbrook,PG,34,LAL,12,3,29.3,5.7,13.8,0.412,1.5,4.4,0.34,4.2,9.3,0.446,0.467,3.5,4.3,0.808,1.2,4.3,5.5,7.2,1.2,0.4,3.8,2.7,16.3
436,Coby White,PG,22,CHI,7,0,21.9,3,7.9,0.382,1.4,4.9,0.294,1.6,3,0.524,0.473,0.7,1.3,0.556,0.1,1.6,1.7,1.7,0.7,0,0.9,2,8.1
437,Derrick White,SG,28,BOS,14,10,25.6,3,7,0.429,1.4,3.6,0.4,1.6,3.4,0.458,0.531,1.5,1.7,0.875,0.6,2.6,3.2,3.1,0.7,0.9,0.6,2.9,8.9
438,Jack White,SF,25,DEN,2,0,2,0,0,,0,0,,0,0,,,0,0,,0,0.5,0.5,0,0.5,0,0,0,0
439,Aaron Wiggins,SG,24,OKC,11,4,20.7,2.1,4.9,0.426,0.6,1.8,0.35,1.5,3.1,0.471,0.491,1,1.3,0.786,0.8,3.2,4,1.9,0.5,0.4,0.8,1.7,5.8
440,Andrew Wiggins,SF,27,GSW,13,13,33.4,7.1,14.4,0.492,2.4,6.2,0.388,4.7,8.2,0.57,0.575,1.8,2.4,0.742,1.6,4.2,5.8,2.4,1.4,1,1.3,2.8,18.3
441,Grant Williams,PF,24,BOS,13,5,28.2,3.2,5.4,0.586,1.6,3.3,0.488,1.5,2.1,0.741,0.736,1.4,1.7,0.818,0.8,4.2,5,1.8,0.7,0.6,0.7,2.6,9.3
442,Jalen Williams,SG,21,OKC,10,3,22.8,3.7,6.7,0.552,0.5,2.1,0.238,3.2,4.6,0.696,0.59,0.5,0.6,0.833,0.3,2.2,2.5,2.4,0.9,0.4,1.3,2.6,8.4
443,Jaylin Williams,PF,20,OKC,3,0,7,1.3,3,0.444,0,0.7,0,1.3,2.3,0.571,0.444,0,0.3,0,1.7,1.7,3.3,0.7,0.3,0,0,1,2.7
444,Kenrich Williams,PF,28,OKC,13,2,20.5,2.5,5.2,0.485,0.5,1.8,0.304,2,3.5,0.578,0.537,0.2,0.7,0.333,1.8,2.2,4.1,1.7,0.7,0.2,0.3,1.8,5.8
445,Mark Williams,C,21,CHO,3,0,4.3,1.3,2.3,0.571,0,0,,1.3,2.3,0.571,0.571,1,1,1,1.3,1.3,2.7,0,0,0,0.7,1,3.7
446,Patrick Williams,PF,21,CHI,14,14,25.1,3.6,7.9,0.464,1.1,2.9,0.375,2.6,5,0.514,0.532,0.9,1,0.929,1.2,2.5,3.7,0.8,0.8,1.1,1.5,1.9,9.3
447,Vince Williams Jr.,SG,22,MEM,3,0,6,0.3,2,0.167,0,1.7,0,0.3,0.3,1,0.167,0,0,,0.3,0.7,1,0.7,0.7,0.3,0,1.3,0.7
448,Zion Williamson,PF,22,NOP,11,11,32.2,9,15.9,0.566,0.3,0.5,0.5,8.7,15.4,0.568,0.574,5.3,7.4,0.716,2.1,4.3,6.4,3.9,1.1,0.3,2.7,2.7,23.5
449,Justise Winslow,SF,26,POR,11,4,26.6,3.2,8.1,0.393,0.5,1.8,0.25,2.7,6.3,0.435,0.421,1.1,1.6,0.667,1.7,3.1,4.8,3.5,1.3,0.5,1.3,2.5,7.9
450,James Wiseman,C,21,GSW,11,0,13.4,2.7,4.6,0.588,0,0,,2.7,4.6,0.588,0.588,1.4,2.1,0.652,1,2.8,3.8,1,0.1,0.4,0.7,2.4,6.8
451,Christian Wood,PF,27,DAL,11,0,24.6,5.8,9.9,0.587,1.4,3,0.455,4.5,6.9,0.645,0.656,2.8,4.4,0.646,1.2,6.3,7.5,0.7,0.5,0.5,2.5,2.7,15.8
452,Delon Wright,PG,30,WAS,4,0,22.8,2.5,6,0.417,0.8,3,0.25,1.8,3,0.583,0.479,0.8,1.3,0.6,1,1.5,2.5,3.3,2.8,1,1,1.3,6.5
453,McKinley Wright IV,PG,24,DAL,1,0,5,1,4,0.25,0,1,0,1,3,0.333,0.25,0,0,,1,1,2,2,1,0,0,0,2
454,Thaddeus Young,PF,34,TOR,12,2,13.8,1.4,3,0.472,0.1,0.8,0.111,1.3,2.3,0.593,0.486,0.7,0.8,0.8,1.4,1.6,3,1.4,1,0.2,0.5,1.3,3.6
455,Trae Young,PG,24,ATL,13,13,35.1,8.5,22.4,0.378,2.3,7.5,0.309,6.2,14.9,0.412,0.43,7.7,8.5,0.909,0.8,2.3,3.2,9.3,0.8,0.2,3.6,1.3,26.9
456,Ivica Zubac,C,25,LAC,15,15,30.5,3.9,6.6,0.596,0,0.1,0,3.9,6.5,0.602,0.596,2.1,3.3,0.64,2.7,7.9,10.6,1.5,0.5,2.1,2.1,2.9,10